Universidad,Carrera,Cuatrimestre,Periodo,Materia
UP Altamira - Universidad Politécnica,Ing. En Energía Y Des. Sostenible,1,Cuatrimestre 1,Comunicación y Habilidades Digitales
UP Altamira - Universidad Politécnica,Ing. En Energía Y Des. Sostenible,1,Cuatrimestre 1,Desarrollo Humano y Valores
UP Altamira - Universidad Politécnica,Ing. En Energía Y Des. Sostenible,1,Cuatrimestre 1,Dibujo Asistido por Computadora
UP Altamira - Universidad Politécnica,Ing. En Energía Y Des. Sostenible,1,Cuatrimestre 1,Energía y Desarrollo Sostenible
UP Altamira - Universidad Politécnica,Ing. En Energía Y Des. Sostenible,1,Cuatrimestre 1,Fundamentos Matemáticos
UP Altamira - Universidad Politécnica,Ing. En Energía Y Des. Sostenible,1,Cuatrimestre 1,Física
UP Altamira - Universidad Politécnica,Ing. En Energía Y Des. Sostenible,1,Cuatrimestre 1,Inglés I
UP Altamira - Universidad Politécnica,Ing. En Energía Y Des. Sostenible,2,Cuatrimestre 2,Circuitos Eléctricos
UP Altamira - Universidad Politécnica,Ing. En Energía Y Des. Sostenible,2,Cuatrimestre 2,Cálculo Diferencial
UP Altamira - Universidad Politécnica,Ing. En Energía Y Des. Sostenible,2,Cuatrimestre 2,Diagnósticos Energéticos
UP Altamira - Universidad Politécnica,Ing. En Energía Y Des. Sostenible,2,Cuatrimestre 2,Habilidades Socioemocionales y Manejo de Conflictos
UP Altamira - Universidad Politécnica,Ing. En Energía Y Des. Sostenible,2,Cuatrimestre 2,Inglés II
UP Altamira - Universidad Politécnica,Ing. En Energía Y Des. Sostenible,2,Cuatrimestre 2,Probabilidad y Estadística
UP Altamira - Universidad Politécnica,Ing. En Energía Y Des. Sostenible,2,Cuatrimestre 2,Seguridad y Medio Ambiente
UP Altamira - Universidad Politécnica,Ing. En Energía Y Des. Sostenible,3,Cuatrimestre 3,Cálculo Integral
UP Altamira - Universidad Politécnica,Ing. En Energía Y Des. Sostenible,3,Cuatrimestre 3,Desarrollo del Pensamiento y Toma de Decisiones
UP Altamira - Universidad Politécnica,Ing. En Energía Y Des. Sostenible,3,Cuatrimestre 3,Electrónica Industrial
UP Altamira - Universidad Politécnica,Ing. En Energía Y Des. Sostenible,3,Cuatrimestre 3,Inglés III
UP Altamira - Universidad Politécnica,Ing. En Energía Y Des. Sostenible,3,Cuatrimestre 3,Instalaciones Eléctricas Industriales
UP Altamira - Universidad Politécnica,Ing. En Energía Y Des. Sostenible,3,Cuatrimestre 3,Proyecto Integrador I
UP Altamira - Universidad Politécnica,Ing. En Energía Y Des. Sostenible,3,Cuatrimestre 3,Temas Selectos de Química
UP Altamira - Universidad Politécnica,Ing. En Energía Y Des. Sostenible,4,Cuatrimestre 4,Análisis de Recurso Energético
UP Altamira - Universidad Politécnica,Ing. En Energía Y Des. Sostenible,4,Cuatrimestre 4,Cálculo de Varias Variables
UP Altamira - Universidad Politécnica,Ing. En Energía Y Des. Sostenible,4,Cuatrimestre 4,Gestión del Mantenimiento
UP Altamira - Universidad Politécnica,Ing. En Energía Y Des. Sostenible,4,Cuatrimestre 4,Inglés IV
UP Altamira - Universidad Politécnica,Ing. En Energía Y Des. Sostenible,4,Cuatrimestre 4,Metrología
UP Altamira - Universidad Politécnica,Ing. En Energía Y Des. Sostenible,4,Cuatrimestre 4,Temas Selectos de Termodinámica y Transferencia de Energía
UP Altamira - Universidad Politécnica,Ing. En Energía Y Des. Sostenible,4,Cuatrimestre 4,Ética Profesional
UP Altamira - Universidad Politécnica,Ing. En Energía Y Des. Sostenible,5,Cuatrimestre 5,Ecuaciones Diferenciales
UP Altamira - Universidad Politécnica,Ing. En Energía Y Des. Sostenible,5,Cuatrimestre 5,Energía Solar
UP Altamira - Universidad Politécnica,Ing. En Energía Y Des. Sostenible,5,Cuatrimestre 5,Inglés V
UP Altamira - Universidad Politécnica,Ing. En Energía Y Des. Sostenible,5,Cuatrimestre 5,Instalaciones Electromecánicas
UP Altamira - Universidad Politécnica,Ing. En Energía Y Des. Sostenible,5,Cuatrimestre 5,Liderazgo de Equipos de Alto Desempeño
UP Altamira - Universidad Politécnica,Ing. En Energía Y Des. Sostenible,5,Cuatrimestre 5,Máquinas Eléctricas
UP Altamira - Universidad Politécnica,Ing. En Energía Y Des. Sostenible,5,Cuatrimestre 5,Proyecto Integrador II
UP Altamira - Universidad Politécnica,Ing. En Energía Y Des. Sostenible,6,VI (Estadía TSU),ESTADÍA TSU
UP Altamira - Universidad Politécnica,Ing. En Energía Y Des. Sostenible,7,Cuatrimestre 7,Electroquímica
UP Altamira - Universidad Politécnica,Ing. En Energía Y Des. Sostenible,7,Cuatrimestre 7,Habilidades Gerenciales
UP Altamira - Universidad Politécnica,Ing. En Energía Y Des. Sostenible,7,Cuatrimestre 7,Ingeniería de Equipos y Sistemas Industriales
UP Altamira - Universidad Politécnica,Ing. En Energía Y Des. Sostenible,7,Cuatrimestre 7,Inglés VI
UP Altamira - Universidad Politécnica,Ing. En Energía Y Des. Sostenible,7,Cuatrimestre 7,Introducción a las Redes Eléctricas Inteligentes
UP Altamira - Universidad Politécnica,Ing. En Energía Y Des. Sostenible,7,Cuatrimestre 7,Sistemas de Adquisición de Datos
UP Altamira - Universidad Politécnica,Ing. En Energía Y Des. Sostenible,7,Cuatrimestre 7,Temas Selectos de Física
UP Altamira - Universidad Politécnica,Ing. En Energía Y Des. Sostenible,8,Cuatrimestre 8,Almacenamiento de Energía
UP Altamira - Universidad Politécnica,Ing. En Energía Y Des. Sostenible,8,Cuatrimestre 8,Arquitectura Bioclimática
UP Altamira - Universidad Politécnica,Ing. En Energía Y Des. Sostenible,8,Cuatrimestre 8,Hidrógeno y Celdas de Combustible
UP Altamira - Universidad Politécnica,Ing. En Energía Y Des. Sostenible,8,Cuatrimestre 8,Ingeniería de la Biomasa
UP Altamira - Universidad Politécnica,Ing. En Energía Y Des. Sostenible,8,Cuatrimestre 8,Inglés VII
UP Altamira - Universidad Politécnica,Ing. En Energía Y Des. Sostenible,8,Cuatrimestre 8,Normatividad y Sustentabilidad Energética
UP Altamira - Universidad Politécnica,Ing. En Energía Y Des. Sostenible,8,Cuatrimestre 8,Sistemas de Generación Distribuidor
UP Altamira - Universidad Politécnica,Ing. En Energía Y Des. Sostenible,9,Cuatrimestre 9,Diseño de Proyectos Eólicos
UP Altamira - Universidad Politécnica,Ing. En Energía Y Des. Sostenible,9,Cuatrimestre 9,Diseño de Proyectos Fotovoltaica
UP Altamira - Universidad Politécnica,Ing. En Energía Y Des. Sostenible,9,Cuatrimestre 9,Eficiencia Energética
UP Altamira - Universidad Politécnica,Ing. En Energía Y Des. Sostenible,9,Cuatrimestre 9,Ingeniería Económica
UP Altamira - Universidad Politécnica,Ing. En Energía Y Des. Sostenible,9,Cuatrimestre 9,Inglés VIII
UP Altamira - Universidad Politécnica,Ing. En Energía Y Des. Sostenible,9,Cuatrimestre 9,Modelado y Simulación de Sistemas en Energías Renovables
UP Altamira - Universidad Politécnica,Ing. En Energía Y Des. Sostenible,9,Cuatrimestre 9,Proyecto Integrador III
UP Altamira - Universidad Politécnica,Ing. En Energía Y Des. Sostenible,10,X (Estadía Ingeniería),ESTADÍA LICENCIATURA EN INGENIERÍA EN ENERGÍA Y DESARROLLO SOSTENIBLE
UP Altamira - Universidad Politécnica,Ing. En Sistemas Electrónicos,1,Cuatrimestre 1,Comunicación y Habilidades Digitales
UP Altamira - Universidad Politécnica,Ing. En Sistemas Electrónicos,1,Cuatrimestre 1,Desarrollo Humano y Valores
UP Altamira - Universidad Politécnica,Ing. En Sistemas Electrónicos,1,Cuatrimestre 1,Fundamentos Matemáticos
UP Altamira - Universidad Politécnica,Ing. En Sistemas Electrónicos,1,Cuatrimestre 1,Física
UP Altamira - Universidad Politécnica,Ing. En Sistemas Electrónicos,1,Cuatrimestre 1,Inglés I
UP Altamira - Universidad Politécnica,Ing. En Sistemas Electrónicos,1,Cuatrimestre 1,Metrología Aplicada a la Electrónica
UP Altamira - Universidad Politécnica,Ing. En Sistemas Electrónicos,1,Cuatrimestre 1,Programación Estructurada
UP Altamira - Universidad Politécnica,Ing. En Sistemas Electrónicos,2,Cuatrimestre 2,Circuitos de Corriente Directa y Alterna
UP Altamira - Universidad Politécnica,Ing. En Sistemas Electrónicos,2,Cuatrimestre 2,Cálculo Diferencial
UP Altamira - Universidad Politécnica,Ing. En Sistemas Electrónicos,2,Cuatrimestre 2,Estructura y Propiedades de los Materiales
UP Altamira - Universidad Politécnica,Ing. En Sistemas Electrónicos,2,Cuatrimestre 2,Habilidades Socioemocionales y Manejo de Conflictos
UP Altamira - Universidad Politécnica,Ing. En Sistemas Electrónicos,2,Cuatrimestre 2,Inglés II
UP Altamira - Universidad Politécnica,Ing. En Sistemas Electrónicos,2,Cuatrimestre 2,Probabilidad y Estadística
UP Altamira - Universidad Politécnica,Ing. En Sistemas Electrónicos,2,Cuatrimestre 2,Programación Orientada a Objetos
UP Altamira - Universidad Politécnica,Ing. En Sistemas Electrónicos,3,Cuatrimestre 3,Análisis de Dispositivos Electrónicos
UP Altamira - Universidad Politécnica,Ing. En Sistemas Electrónicos,3,Cuatrimestre 3,Circuitos Logísticos
UP Altamira - Universidad Politécnica,Ing. En Sistemas Electrónicos,3,Cuatrimestre 3,Cálculo Integral
UP Altamira - Universidad Politécnica,Ing. En Sistemas Electrónicos,3,Cuatrimestre 3,Desarrollo del Pensamiento y Toma de Decisiones
UP Altamira - Universidad Politécnica,Ing. En Sistemas Electrónicos,3,Cuatrimestre 3,Fundamentos de Electromagnetismo
UP Altamira - Universidad Politécnica,Ing. En Sistemas Electrónicos,3,Cuatrimestre 3,Inglés III
UP Altamira - Universidad Politécnica,Ing. En Sistemas Electrónicos,3,Cuatrimestre 3,Proyecto Integrador I
UP Altamira - Universidad Politécnica,Ing. En Sistemas Electrónicos,4,Cuatrimestre 4,Análisis de Recurso Energético
UP Altamira - Universidad Politécnica,Ing. En Sistemas Electrónicos,4,Cuatrimestre 4,Cálculo de Varias Variables
UP Altamira - Universidad Politécnica,Ing. En Sistemas Electrónicos,4,Cuatrimestre 4,Gestión del Mantenimiento
UP Altamira - Universidad Politécnica,Ing. En Sistemas Electrónicos,4,Cuatrimestre 4,Inglés IV
UP Altamira - Universidad Politécnica,Ing. En Sistemas Electrónicos,4,Cuatrimestre 4,Metrología
UP Altamira - Universidad Politécnica,Ing. En Sistemas Electrónicos,4,Cuatrimestre 4,Temas Selectos de Termodinámica y Transferencia de Energía
UP Altamira - Universidad Politécnica,Ing. En Sistemas Electrónicos,4,Cuatrimestre 4,Ética Profesional
UP Altamira - Universidad Politécnica,Ing. En Sistemas Electrónicos,5,Cuatrimestre 5,Ecuaciones Diferenciales
UP Altamira - Universidad Politécnica,Ing. En Sistemas Electrónicos,5,Cuatrimestre 5,Inglés V
UP Altamira - Universidad Politécnica,Ing. En Sistemas Electrónicos,5,Cuatrimestre 5,Liderazgo de Equipos de Alto Desempeño
UP Altamira - Universidad Politécnica,Ing. En Sistemas Electrónicos,5,Cuatrimestre 5,Modulaciones Analógicas y Digitales
UP Altamira - Universidad Politécnica,Ing. En Sistemas Electrónicos,5,Cuatrimestre 5,Proyecto Integrador II
UP Altamira - Universidad Politécnica,Ing. En Sistemas Electrónicos,5,Cuatrimestre 5,Redes LAN-WAN
UP Altamira - Universidad Politécnica,Ing. En Sistemas Electrónicos,5,Cuatrimestre 5,Sistemas de Telefonía Fija y Telefonía Celular
UP Altamira - Universidad Politécnica,Ing. En Sistemas Electrónicos,6,VI (Estadía TSU),ESTADÍA TSU
UP Altamira - Universidad Politécnica,Ing. En Sistemas Electrónicos,7,Cuatrimestre 7,Amplificadores Electrónicos
UP Altamira - Universidad Politécnica,Ing. En Sistemas Electrónicos,7,Cuatrimestre 7,Antenas y Guías de Ondas
UP Altamira - Universidad Politécnica,Ing. En Sistemas Electrónicos,7,Cuatrimestre 7,Diseño Asistido por Computadora
UP Altamira - Universidad Politécnica,Ing. En Sistemas Electrónicos,7,Cuatrimestre 7,Fundamentos de Control
UP Altamira - Universidad Politécnica,Ing. En Sistemas Electrónicos,7,Cuatrimestre 7,Habilidades Gerenciales
UP Altamira - Universidad Politécnica,Ing. En Sistemas Electrónicos,7,Cuatrimestre 7,Inglés VI
UP Altamira - Universidad Politécnica,Ing. En Sistemas Electrónicos,7,Cuatrimestre 7,Señales y Sistemas Lineales
UP Altamira - Universidad Politécnica,Ing. En Sistemas Electrónicos,8,Cuatrimestre 8,Control Digital
UP Altamira - Universidad Politécnica,Ing. En Sistemas Electrónicos,8,Cuatrimestre 8,Dispositivos Lógicos Programables
UP Altamira - Universidad Politécnica,Ing. En Sistemas Electrónicos,8,Cuatrimestre 8,Gestión Empresarial de Proyectos
UP Altamira - Universidad Politécnica,Ing. En Sistemas Electrónicos,8,Cuatrimestre 8,Inglés VII
UP Altamira - Universidad Politécnica,Ing. En Sistemas Electrónicos,8,Cuatrimestre 8,Microprocesadores y Microcontroladores
UP Altamira - Universidad Politécnica,Ing. En Sistemas Electrónicos,8,Cuatrimestre 8,Procesamiento Digital de Señales
UP Altamira - Universidad Politécnica,Ing. En Sistemas Electrónicos,8,Cuatrimestre 8,Sistemas de Televisión y Radiodifusión
UP Altamira - Universidad Politécnica,Ing. En Sistemas Electrónicos,9,Cuatrimestre 9,Comunicaciones Electrónicas
UP Altamira - Universidad Politécnica,Ing. En Sistemas Electrónicos,9,Cuatrimestre 9,Electrónica de Potencia
UP Altamira - Universidad Politécnica,Ing. En Sistemas Electrónicos,9,Cuatrimestre 9,Gestión de Mantenimiento
UP Altamira - Universidad Politécnica,Ing. En Sistemas Electrónicos,9,Cuatrimestre 9,Inglés VIII
UP Altamira - Universidad Politécnica,Ing. En Sistemas Electrónicos,9,Cuatrimestre 9,Internet de las Cosas
UP Altamira - Universidad Politécnica,Ing. En Sistemas Electrónicos,9,Cuatrimestre 9,Proyecto Integrador III
UP Altamira - Universidad Politécnica,Ing. En Sistemas Electrónicos,9,Cuatrimestre 9,Sistemas Embebidos
UP Altamira - Universidad Politécnica,Ing. En Sistemas Electrónicos,10,X (Estadía Ingeniería),ESTADÍA LICENCIATURA EN INGENIERÍA EN SISTEMAS ELECTRÓNICOS
UP Altamira - Universidad Politécnica,Ing. En Ti E Innovación Digital,1,Cuatrimestre 1,Comunicación y Habilidades Digitales
UP Altamira - Universidad Politécnica,Ing. En Ti E Innovación Digital,1,Cuatrimestre 1,Desarrollo Humano y Valores
UP Altamira - Universidad Politécnica,Ing. En Ti E Innovación Digital,1,Cuatrimestre 1,Fundamentos Matemáticos
UP Altamira - Universidad Politécnica,Ing. En Ti E Innovación Digital,1,Cuatrimestre 1,Fundamentos de Programación
UP Altamira - Universidad Politécnica,Ing. En Ti E Innovación Digital,1,Cuatrimestre 1,Fundamentos de Redes
UP Altamira - Universidad Politécnica,Ing. En Ti E Innovación Digital,1,Cuatrimestre 1,Física
UP Altamira - Universidad Politécnica,Ing. En Ti E Innovación Digital,1,Cuatrimestre 1,Inglés I
UP Altamira - Universidad Politécnica,Ing. En Ti E Innovación Digital,2,Cuatrimestre 2,Conmutación y Enrutamiento de Redes
UP Altamira - Universidad Politécnica,Ing. En Ti E Innovación Digital,2,Cuatrimestre 2,Cálculo Diferencial
UP Altamira - Universidad Politécnica,Ing. En Ti E Innovación Digital,2,Cuatrimestre 2,Habilidades Socioemocionales y Manejo de Conflictos
UP Altamira - Universidad Politécnica,Ing. En Ti E Innovación Digital,2,Cuatrimestre 2,Inglés II
UP Altamira - Universidad Politécnica,Ing. En Ti E Innovación Digital,2,Cuatrimestre 2,Probabilidad y Estadística
UP Altamira - Universidad Politécnica,Ing. En Ti E Innovación Digital,2,Cuatrimestre 2,Programación Estructurada
UP Altamira - Universidad Politécnica,Ing. En Ti E Innovación Digital,2,Cuatrimestre 2,Sistemas Operativos
UP Altamira - Universidad Politécnica,Ing. En Ti E Innovación Digital,3,Cuatrimestre 3,Bases de Datos
UP Altamira - Universidad Politécnica,Ing. En Ti E Innovación Digital,3,Cuatrimestre 3,Cálculo Integral
UP Altamira - Universidad Politécnica,Ing. En Ti E Innovación Digital,3,Cuatrimestre 3,Desarrollo del Pensamiento y Toma de Decisiones
UP Altamira - Universidad Politécnica,Ing. En Ti E Innovación Digital,3,Cuatrimestre 3,Inglés III
UP Altamira - Universidad Politécnica,Ing. En Ti E Innovación Digital,3,Cuatrimestre 3,Programación Orientada a Objetos
UP Altamira - Universidad Politécnica,Ing. En Ti E Innovación Digital,3,Cuatrimestre 3,Proyecto Integrador I
UP Altamira - Universidad Politécnica,Ing. En Ti E Innovación Digital,3,Cuatrimestre 3,Tópicos de Calidad para el Diseño de Software
UP Altamira - Universidad Politécnica,Ing. En Ti E Innovación Digital,4,Cuatrimestre 4,Aprendizaje Profundo Deep Learning
UP Altamira - Universidad Politécnica,Ing. En Ti E Innovación Digital,4,Cuatrimestre 4,Cálculo de Varias Variables
UP Altamira - Universidad Politécnica,Ing. En Ti E Innovación Digital,4,Cuatrimestre 4,Inglés IV
UP Altamira - Universidad Politécnica,Ing. En Ti E Innovación Digital,4,Cuatrimestre 4,Metodología No Code
UP Altamira - Universidad Politécnica,Ing. En Ti E Innovación Digital,4,Cuatrimestre 4,Sistemas Embebidos
UP Altamira - Universidad Politécnica,Ing. En Ti E Innovación Digital,4,Cuatrimestre 4,Sistemas de Optimización Inteligente
UP Altamira - Universidad Politécnica,Ing. En Ti E Innovación Digital,4,Cuatrimestre 4,Ética Profesional
UP Altamira - Universidad Politécnica,Ing. En Ti E Innovación Digital,5,Cuatrimestre 5,Aprendizaje de Máquina
UP Altamira - Universidad Politécnica,Ing. En Ti E Innovación Digital,5,Cuatrimestre 5,Ecuaciones Diferenciales
UP Altamira - Universidad Politécnica,Ing. En Ti E Innovación Digital,5,Cuatrimestre 5,Fundamentos de Visión por Computadora
UP Altamira - Universidad Politécnica,Ing. En Ti E Innovación Digital,5,Cuatrimestre 5,Inglés V
UP Altamira - Universidad Politécnica,Ing. En Ti E Innovación Digital,5,Cuatrimestre 5,Liderazgo de Equipos de Alto Desempeño
UP Altamira - Universidad Politécnica,Ing. En Ti E Innovación Digital,5,Cuatrimestre 5,Minería de Datos
UP Altamira - Universidad Politécnica,Ing. En Ti E Innovación Digital,5,Cuatrimestre 5,Proyecto Integrador II
UP Altamira - Universidad Politécnica,Ing. En Ti E Innovación Digital,6,VI (Estadía TSU),ESTADÍA TSU
UP Altamira - Universidad Politécnica,Ing. En Ti E Innovación Digital,7,Cuatrimestre 7,Formulación de Proyectos de Tecnología
UP Altamira - Universidad Politécnica,Ing. En Ti E Innovación Digital,7,Cuatrimestre 7,Fundamentos de Inteligencia Artificial
UP Altamira - Universidad Politécnica,Ing. En Ti E Innovación Digital,7,Cuatrimestre 7,Habilidades Gerenciales
UP Altamira - Universidad Politécnica,Ing. En Ti E Innovación Digital,7,Cuatrimestre 7,Inglés VI
UP Altamira - Universidad Politécnica,Ing. En Ti E Innovación Digital,7,Cuatrimestre 7,Optativa I
UP Altamira - Universidad Politécnica,Ing. En Ti E Innovación Digital,7,Cuatrimestre 7,Seguridad Informática
UP Altamira - Universidad Politécnica,Ing. En Ti E Innovación Digital,7,Cuatrimestre 7,Ética y Legislación en Tecnologías de la Información
UP Altamira - Universidad Politécnica,Ing. En Ti E Innovación Digital,8,Cuatrimestre 8,Administración de Servidores
UP Altamira - Universidad Politécnica,Ing. En Ti E Innovación Digital,8,Cuatrimestre 8,Electrónica Digital
UP Altamira - Universidad Politécnica,Ing. En Ti E Innovación Digital,8,Cuatrimestre 8,Gestión de Proyectos de Tecnología
UP Altamira - Universidad Politécnica,Ing. En Ti E Innovación Digital,8,Cuatrimestre 8,Informática Forense
UP Altamira - Universidad Politécnica,Ing. En Ti E Innovación Digital,8,Cuatrimestre 8,Inglés VII
UP Altamira - Universidad Politécnica,Ing. En Ti E Innovación Digital,8,Cuatrimestre 8,Optativa II
UP Altamira - Universidad Politécnica,Ing. En Ti E Innovación Digital,8,Cuatrimestre 8,Programación para Inteligencia Artificial
UP Altamira - Universidad Politécnica,Ing. En Ti E Innovación Digital,9,Cuatrimestre 9,Ciencia de Datos
UP Altamira - Universidad Politécnica,Ing. En Ti E Innovación Digital,9,Cuatrimestre 9,Evaluación de Proyectos de Tecnología
UP Altamira - Universidad Politécnica,Ing. En Ti E Innovación Digital,9,Cuatrimestre 9,Inglés VIII
UP Altamira - Universidad Politécnica,Ing. En Ti E Innovación Digital,9,Cuatrimestre 9,Internet de las Cosas
UP Altamira - Universidad Politécnica,Ing. En Ti E Innovación Digital,9,Cuatrimestre 9,Optativa III
UP Altamira - Universidad Politécnica,Ing. En Ti E Innovación Digital,9,Cuatrimestre 9,Proyecto Integrador III
UP Altamira - Universidad Politécnica,Ing. En Ti E Innovación Digital,9,Cuatrimestre 9,Tecnologías Disruptivas
UP Altamira - Universidad Politécnica,Ing. En Ti E Innovación Digital,10,X (Estadía Ingeniería),ESTADÍA LICENCIATURA EN INGENIERÍA EN TECNOLOGÍAS DE LA INFORMACIÓN
UP Altamira - Universidad Politécnica,Ing. Industrial,1,Cuatrimestre 1,Comunicación y Habilidades Digitales
UP Altamira - Universidad Politécnica,Ing. Industrial,1,Cuatrimestre 1,Desarrollo Humano y Valores
UP Altamira - Universidad Politécnica,Ing. Industrial,1,Cuatrimestre 1,Dibujo Industrial
UP Altamira - Universidad Politécnica,Ing. Industrial,1,Cuatrimestre 1,Fundamentos Matemáticos
UP Altamira - Universidad Politécnica,Ing. Industrial,1,Cuatrimestre 1,Inglés I
UP Altamira - Universidad Politécnica,Ing. Industrial,1,Cuatrimestre 1,Metrología
UP Altamira - Universidad Politécnica,Ing. Industrial,1,Cuatrimestre 1,Química
UP Altamira - Universidad Politécnica,Ing. Industrial,2,Cuatrimestre 2,Costos de Producción
UP Altamira - Universidad Politécnica,Ing. Industrial,2,Cuatrimestre 2,Cálculo Diferencial
UP Altamira - Universidad Politécnica,Ing. Industrial,2,Cuatrimestre 2,Física
UP Altamira - Universidad Politécnica,Ing. Industrial,2,Cuatrimestre 2,Habilidades Socioemocionales y Manejo de Conflictos
UP Altamira - Universidad Politécnica,Ing. Industrial,2,Cuatrimestre 2,Inglés II
UP Altamira - Universidad Politécnica,Ing. Industrial,2,Cuatrimestre 2,Probabilidad y Estadística
UP Altamira - Universidad Politécnica,Ing. Industrial,2,Cuatrimestre 2,"Seguridad, Higiene y Medio Ambiente"
UP Altamira - Universidad Politécnica,Ing. Industrial,3,Cuatrimestre 3,Control de Calidad
UP Altamira - Universidad Politécnica,Ing. Industrial,3,Cuatrimestre 3,Cálculo Integral
UP Altamira - Universidad Politécnica,Ing. Industrial,3,Cuatrimestre 3,Desarrollo del Pensamiento y Toma de Decisiones
UP Altamira - Universidad Politécnica,Ing. Industrial,3,Cuatrimestre 3,Estudio del Trabajo
UP Altamira - Universidad Politécnica,Ing. Industrial,3,Cuatrimestre 3,Inglés III
UP Altamira - Universidad Politécnica,Ing. Industrial,3,Cuatrimestre 3,Proceso de Fabricación
UP Altamira - Universidad Politécnica,Ing. Industrial,3,Cuatrimestre 3,Proyecto Integrador I
UP Altamira - Universidad Politécnica,Ing. Industrial,4,Cuatrimestre 4,Administración y Control de la Calidad
UP Altamira - Universidad Politécnica,Ing. Industrial,4,Cuatrimestre 4,Cálculo de Varias Variables
UP Altamira - Universidad Politécnica,Ing. Industrial,4,Cuatrimestre 4,Ingeniería Económica
UP Altamira - Universidad Politécnica,Ing. Industrial,4,Cuatrimestre 4,Ingeniería de Planta y Estudio del Trabajo
UP Altamira - Universidad Politécnica,Ing. Industrial,4,Cuatrimestre 4,Inglés IV
UP Altamira - Universidad Politécnica,Ing. Industrial,4,Cuatrimestre 4,Tecnologías de Transformación de Materiales
UP Altamira - Universidad Politécnica,Ing. Industrial,4,Cuatrimestre 4,Ética Profesional
UP Altamira - Universidad Politécnica,Ing. Industrial,5,Cuatrimestre 5,Administración y Control de Operaciones
UP Altamira - Universidad Politécnica,Ing. Industrial,5,Cuatrimestre 5,Ecuaciones Diferenciales
UP Altamira - Universidad Politécnica,Ing. Industrial,5,Cuatrimestre 5,Gestión Ambiental en Procesos Industriales
UP Altamira - Universidad Politécnica,Ing. Industrial,5,Cuatrimestre 5,Inglés V
UP Altamira - Universidad Politécnica,Ing. Industrial,5,Cuatrimestre 5,Liderazgo de Equipos de Alto Desempeño
UP Altamira - Universidad Politécnica,Ing. Industrial,5,Cuatrimestre 5,Proyecto Integrador II
UP Altamira - Universidad Politécnica,Ing. Industrial,5,Cuatrimestre 5,Sistemas de Manufactura Aplicada
UP Altamira - Universidad Politécnica,Ing. Industrial,6,VI (Estadía TSU),ESTADÍA TSU
UP Altamira - Universidad Politécnica,Ing. Industrial,7,Cuatrimestre 7,Habilidades Gerenciales
UP Altamira - Universidad Politécnica,Ing. Industrial,7,Cuatrimestre 7,Ingeniería de Planta
UP Altamira - Universidad Politécnica,Ing. Industrial,7,Cuatrimestre 7,Inglés VI
UP Altamira - Universidad Politécnica,Ing. Industrial,7,Cuatrimestre 7,Investigación de Operaciones I
UP Altamira - Universidad Politécnica,Ing. Industrial,7,Cuatrimestre 7,Manufactura Esbelta
UP Altamira - Universidad Politécnica,Ing. Industrial,7,Cuatrimestre 7,Sistemas de Gestión de la Calidad
UP Altamira - Universidad Politécnica,Ing. Industrial,7,Cuatrimestre 7,Tópicos de Nuevas Tecnologías de Manufactura
UP Altamira - Universidad Politécnica,Ing. Industrial,8,Cuatrimestre 8,6 Sigma
UP Altamira - Universidad Politécnica,Ing. Industrial,8,Cuatrimestre 8,Automatización y Control de Procesos
UP Altamira - Universidad Politécnica,Ing. Industrial,8,Cuatrimestre 8,Diseño del Producto
UP Altamira - Universidad Politécnica,Ing. Industrial,8,Cuatrimestre 8,Evaluación y Administración de Proyectos
UP Altamira - Universidad Politécnica,Ing. Industrial,8,Cuatrimestre 8,Inglés VII
UP Altamira - Universidad Politécnica,Ing. Industrial,8,Cuatrimestre 8,Investigación de Operaciones II
UP Altamira - Universidad Politécnica,Ing. Industrial,8,Cuatrimestre 8,Logística
UP Altamira - Universidad Politécnica,Ing. Industrial,9,Cuatrimestre 9,Administración Industrial y de Servicios
UP Altamira - Universidad Politécnica,Ing. Industrial,9,Cuatrimestre 9,Administración del Mantenimiento
UP Altamira - Universidad Politécnica,Ing. Industrial,9,Cuatrimestre 9,Inglés VIII
UP Altamira - Universidad Politécnica,Ing. Industrial,9,Cuatrimestre 9,Legislación Industrial
UP Altamira - Universidad Politécnica,Ing. Industrial,9,Cuatrimestre 9,Manufactura Integrada por Computadora
UP Altamira - Universidad Politécnica,Ing. Industrial,9,Cuatrimestre 9,Proyecto Integrador III
UP Altamira - Universidad Politécnica,Ing. Industrial,9,Cuatrimestre 9,Simulación de Procesos
UP Altamira - Universidad Politécnica,Ing. Industrial,10,X (Estadía Ingeniería),ESTADÍA LICENCIATURA EN INGENIERÍA INDUSTRIAL
UP Altamira - Universidad Politécnica,Lic. En Comercio Int. Y Aduanas,1,Cuatrimestre 1,Comunicación y Habilidades Digitales
UP Altamira - Universidad Politécnica,Lic. En Comercio Int. Y Aduanas,1,Cuatrimestre 1,Desarrollo Humano y Valores
UP Altamira - Universidad Politécnica,Lic. En Comercio Int. Y Aduanas,1,Cuatrimestre 1,Fundamentos Matemáticos
UP Altamira - Universidad Politécnica,Lic. En Comercio Int. Y Aduanas,1,Cuatrimestre 1,Inglés I
UP Altamira - Universidad Politécnica,Lic. En Comercio Int. Y Aduanas,1,Cuatrimestre 1,Introducción a Negocios Internacionales
UP Altamira - Universidad Politécnica,Lic. En Comercio Int. Y Aduanas,1,Cuatrimestre 1,Introducción a la Logística
UP Altamira - Universidad Politécnica,Lic. En Comercio Int. Y Aduanas,1,Cuatrimestre 1,Introducción a la Normatividad del Comercio Internacional
UP Altamira - Universidad Politécnica,Lic. En Comercio Int. Y Aduanas,2,Cuatrimestre 2,Fundamentos de Administración
UP Altamira - Universidad Politécnica,Lic. En Comercio Int. Y Aduanas,2,Cuatrimestre 2,Habilidades Socioemocionales y Manejo de Conflictos
UP Altamira - Universidad Politécnica,Lic. En Comercio Int. Y Aduanas,2,Cuatrimestre 2,Inglés II
UP Altamira - Universidad Politécnica,Lic. En Comercio Int. Y Aduanas,2,Cuatrimestre 2,Introducción a la Economía
UP Altamira - Universidad Politécnica,Lic. En Comercio Int. Y Aduanas,2,Cuatrimestre 2,Introducción al Sistema Armonizado y Merceología
UP Altamira - Universidad Politécnica,Lic. En Comercio Int. Y Aduanas,2,Cuatrimestre 2,Mercadotecnia
UP Altamira - Universidad Politécnica,Lic. En Comercio Int. Y Aduanas,2,Cuatrimestre 2,Probabilidad y Estadística
UP Altamira - Universidad Politécnica,Lic. En Comercio Int. Y Aduanas,3,Cuatrimestre 3,Clasificación Arancelaria I
UP Altamira - Universidad Politécnica,Lic. En Comercio Int. Y Aduanas,3,Cuatrimestre 3,Contabilidad
UP Altamira - Universidad Politécnica,Lic. En Comercio Int. Y Aduanas,3,Cuatrimestre 3,Desarrollo del Pensamiento y Toma de Decisiones
UP Altamira - Universidad Politécnica,Lic. En Comercio Int. Y Aduanas,3,Cuatrimestre 3,Geografía Economía Internacional
UP Altamira - Universidad Politécnica,Lic. En Comercio Int. Y Aduanas,3,Cuatrimestre 3,Inglés III
UP Altamira - Universidad Politécnica,Lic. En Comercio Int. Y Aduanas,3,Cuatrimestre 3,Legislación Aplicada a los Negocios
UP Altamira - Universidad Politécnica,Lic. En Comercio Int. Y Aduanas,3,Cuatrimestre 3,Proyecto Integrador I
UP Altamira - Universidad Politécnica,Lic. En Comercio Int. Y Aduanas,4,Cuatrimestre 4,Clasificación Arancelaria II
UP Altamira - Universidad Politécnica,Lic. En Comercio Int. Y Aduanas,4,Cuatrimestre 4,Financiamiento y Formas de Pago Internacional
UP Altamira - Universidad Politécnica,Lic. En Comercio Int. Y Aduanas,4,Cuatrimestre 4,Infracciones y Sanciones
UP Altamira - Universidad Politécnica,Lic. En Comercio Int. Y Aduanas,4,Cuatrimestre 4,Inglés IV
UP Altamira - Universidad Politécnica,Lic. En Comercio Int. Y Aduanas,4,Cuatrimestre 4,Introducción a Pedimentos
UP Altamira - Universidad Politécnica,Lic. En Comercio Int. Y Aduanas,4,Cuatrimestre 4,Tecnologías Aplicadas al Proceso de Importación y Exportación
UP Altamira - Universidad Politécnica,Lic. En Comercio Int. Y Aduanas,4,Cuatrimestre 4,Ética Profesional
UP Altamira - Universidad Politécnica,Lic. En Comercio Int. Y Aduanas,5,Cuatrimestre 5,Clasificación Arancelaria III
UP Altamira - Universidad Politécnica,Lic. En Comercio Int. Y Aduanas,5,Cuatrimestre 5,Inglés V
UP Altamira - Universidad Politécnica,Lic. En Comercio Int. Y Aduanas,5,Cuatrimestre 5,Introducción a Procedimientos y Trámites Aduanales
UP Altamira - Universidad Politécnica,Lic. En Comercio Int. Y Aduanas,5,Cuatrimestre 5,Liderazgo de Equipos de Alto Desempeño
UP Altamira - Universidad Politécnica,Lic. En Comercio Int. Y Aduanas,5,Cuatrimestre 5,Medios de Defensa
UP Altamira - Universidad Politécnica,Lic. En Comercio Int. Y Aduanas,5,Cuatrimestre 5,Programas de Fomento a la Exportación
UP Altamira - Universidad Politécnica,Lic. En Comercio Int. Y Aduanas,5,Cuatrimestre 5,Proyecto Integrador II
UP Altamira - Universidad Politécnica,Lic. En Comercio Int. Y Aduanas,6,VI (Estadía TSU),ESTADÍA TSU
UP Altamira - Universidad Politécnica,Lic. En Comercio Int. Y Aduanas,7,Cuatrimestre 7,Comercio Sostenible
UP Altamira - Universidad Politécnica,Lic. En Comercio Int. Y Aduanas,7,Cuatrimestre 7,Derecho Internacional
UP Altamira - Universidad Politécnica,Lic. En Comercio Int. Y Aduanas,7,Cuatrimestre 7,Envase y Embalaje
UP Altamira - Universidad Politécnica,Lic. En Comercio Int. Y Aduanas,7,Cuatrimestre 7,Habilidades Gerenciales
UP Altamira - Universidad Politécnica,Lic. En Comercio Int. Y Aduanas,7,Cuatrimestre 7,Inglés VI
UP Altamira - Universidad Politécnica,Lic. En Comercio Int. Y Aduanas,7,Cuatrimestre 7,Investigación de Operaciones
UP Altamira - Universidad Politécnica,Lic. En Comercio Int. Y Aduanas,7,Cuatrimestre 7,Logística Internacional
UP Altamira - Universidad Politécnica,Lic. En Comercio Int. Y Aduanas,8,Cuatrimestre 8,Ecosistemas Digitales Comerciales
UP Altamira - Universidad Politécnica,Lic. En Comercio Int. Y Aduanas,8,Cuatrimestre 8,Evaluación de Proyectos
UP Altamira - Universidad Politécnica,Lic. En Comercio Int. Y Aduanas,8,Cuatrimestre 8,Inglés VII
UP Altamira - Universidad Politécnica,Lic. En Comercio Int. Y Aduanas,8,Cuatrimestre 8,Multiculturalidad y Protocolo de Negocios
UP Altamira - Universidad Politécnica,Lic. En Comercio Int. Y Aduanas,8,Cuatrimestre 8,Organismos de Apoyo al Comercio Exterior
UP Altamira - Universidad Politécnica,Lic. En Comercio Int. Y Aduanas,8,Cuatrimestre 8,Pedimentos y Legislación Aduanero I
UP Altamira - Universidad Politécnica,Lic. En Comercio Int. Y Aduanas,8,Cuatrimestre 8,Tratados y Acuerdos Comerciales Internacionales
UP Altamira - Universidad Politécnica,Lic. En Comercio Int. Y Aduanas,9,Cuatrimestre 9,Desarrollo Emprendedor y Consultoría
UP Altamira - Universidad Politécnica,Lic. En Comercio Int. Y Aduanas,9,Cuatrimestre 9,Estrategias de Negociación Internacional
UP Altamira - Universidad Politécnica,Lic. En Comercio Int. Y Aduanas,9,Cuatrimestre 9,Inglés VIII
UP Altamira - Universidad Politécnica,Lic. En Comercio Int. Y Aduanas,9,Cuatrimestre 9,Pedimentos y Legislación Aduanero II
UP Altamira - Universidad Politécnica,Lic. En Comercio Int. Y Aduanas,9,Cuatrimestre 9,Plan de Negocios de Exportación
UP Altamira - Universidad Politécnica,Lic. En Comercio Int. Y Aduanas,9,Cuatrimestre 9,Procedimientos y Trámites Aduanales
UP Altamira - Universidad Politécnica,Lic. En Comercio Int. Y Aduanas,9,Cuatrimestre 9,Proyecto Integrador III
UP Altamira - Universidad Politécnica,Lic. En Comercio Int. Y Aduanas,10,X (Estadía Ingeniería),ESTADÍA LICENCIATURA EN COMERCIO INTERNACIONAL Y ADUANAS
UP Altamira - Universidad Politécnica,Lic. En Gestión Y Des. Turístico,1,Cuatrimestre 1,Comunicación y Habilidades Digitales
UP Altamira - Universidad Politécnica,Lic. En Gestión Y Des. Turístico,1,Cuatrimestre 1,Desarrollo Humano y Valores
UP Altamira - Universidad Politécnica,Lic. En Gestión Y Des. Turístico,1,Cuatrimestre 1,Fundamentos de la Economía
UP Altamira - Universidad Politécnica,Lic. En Gestión Y Des. Turístico,1,Cuatrimestre 1,Geografía y Patrimonio
UP Altamira - Universidad Politécnica,Lic. En Gestión Y Des. Turístico,1,Cuatrimestre 1,Inglés I
UP Altamira - Universidad Politécnica,Lic. En Gestión Y Des. Turístico,1,Cuatrimestre 1,Introducción al Turismo
UP Altamira - Universidad Politécnica,Lic. En Gestión Y Des. Turístico,1,Cuatrimestre 1,Matemáticas Aplicadas en el Turismo
UP Altamira - Universidad Politécnica,Lic. En Gestión Y Des. Turístico,2,Cuatrimestre 2,Administración
UP Altamira - Universidad Politécnica,Lic. En Gestión Y Des. Turístico,2,Cuatrimestre 2,Habilidades Socioemocionales y Manejo de Conflictos
UP Altamira - Universidad Politécnica,Lic. En Gestión Y Des. Turístico,2,Cuatrimestre 2,Inglés II
UP Altamira - Universidad Politécnica,Lic. En Gestión Y Des. Turístico,2,Cuatrimestre 2,Probabilidad y Estadística
UP Altamira - Universidad Politécnica,Lic. En Gestión Y Des. Turístico,2,Cuatrimestre 2,Servicios de Alimentos y Bebidas
UP Altamira - Universidad Politécnica,Lic. En Gestión Y Des. Turístico,2,Cuatrimestre 2,Servicios de Viaje y Transportación
UP Altamira - Universidad Politécnica,Lic. En Gestión Y Des. Turístico,2,Cuatrimestre 2,Sustentabilidad en el Turismo
UP Altamira - Universidad Politécnica,Lic. En Gestión Y Des. Turístico,3,Cuatrimestre 3,Capital Humano
UP Altamira - Universidad Politécnica,Lic. En Gestión Y Des. Turístico,3,Cuatrimestre 3,Contabilidad Aplicada al Turismo
UP Altamira - Universidad Politécnica,Lic. En Gestión Y Des. Turístico,3,Cuatrimestre 3,Desarrollo del Pensamiento y Toma de Decisiones
UP Altamira - Universidad Politécnica,Lic. En Gestión Y Des. Turístico,3,Cuatrimestre 3,Gestión de la Calidad
UP Altamira - Universidad Politécnica,Lic. En Gestión Y Des. Turístico,3,Cuatrimestre 3,Hospitalidad y Alojamiento
UP Altamira - Universidad Politécnica,Lic. En Gestión Y Des. Turístico,3,Cuatrimestre 3,Inglés III
UP Altamira - Universidad Politécnica,Lic. En Gestión Y Des. Turístico,3,Cuatrimestre 3,Proyecto Integrador I
UP Altamira - Universidad Politécnica,Lic. En Gestión Y Des. Turístico,4,Cuatrimestre 4,Diagnóstico Turístico
UP Altamira - Universidad Politécnica,Lic. En Gestión Y Des. Turístico,4,Cuatrimestre 4,Inglés IV
UP Altamira - Universidad Politécnica,Lic. En Gestión Y Des. Turístico,4,Cuatrimestre 4,Mercadotecnia y Comercialización
UP Altamira - Universidad Politécnica,Lic. En Gestión Y Des. Turístico,4,Cuatrimestre 4,Operación de Servicios de A&B
UP Altamira - Universidad Politécnica,Lic. En Gestión Y Des. Turístico,4,Cuatrimestre 4,Operación de Servicios de Hospedaje
UP Altamira - Universidad Politécnica,Lic. En Gestión Y Des. Turístico,4,Cuatrimestre 4,Turismo Cultura y de Naturaleza
UP Altamira - Universidad Politécnica,Lic. En Gestión Y Des. Turístico,4,Cuatrimestre 4,Ética Profesional
UP Altamira - Universidad Politécnica,Lic. En Gestión Y Des. Turístico,5,Cuatrimestre 5,Animación Turística y Sociocultural
UP Altamira - Universidad Politécnica,Lic. En Gestión Y Des. Turístico,5,Cuatrimestre 5,Capacitación de Capital Humano
UP Altamira - Universidad Politécnica,Lic. En Gestión Y Des. Turístico,5,Cuatrimestre 5,Diseño de Experiencias Turísticas
UP Altamira - Universidad Politécnica,Lic. En Gestión Y Des. Turístico,5,Cuatrimestre 5,Inglés V
UP Altamira - Universidad Politécnica,Lic. En Gestión Y Des. Turístico,5,Cuatrimestre 5,Liderazgo de Equipos de Alto Desempeño
UP Altamira - Universidad Politécnica,Lic. En Gestión Y Des. Turístico,5,Cuatrimestre 5,Plan de Negocios
UP Altamira - Universidad Politécnica,Lic. En Gestión Y Des. Turístico,5,Cuatrimestre 5,Proyecto Integrador II
UP Altamira - Universidad Politécnica,Lic. En Gestión Y Des. Turístico,6,VI (Estadía TSU),ESTADÍA TSU
UP Altamira - Universidad Politécnica,Lic. En Gestión Y Des. Turístico,7,Cuatrimestre 7,Análisis e Interpretación de Información para el Sector Turístico
UP Altamira - Universidad Politécnica,Lic. En Gestión Y Des. Turístico,7,Cuatrimestre 7,Desarrollo Regional
UP Altamira - Universidad Politécnica,Lic. En Gestión Y Des. Turístico,7,Cuatrimestre 7,Economía para el Turismo
UP Altamira - Universidad Politécnica,Lic. En Gestión Y Des. Turístico,7,Cuatrimestre 7,Gestión y Planificación Turística
UP Altamira - Universidad Politécnica,Lic. En Gestión Y Des. Turístico,7,Cuatrimestre 7,Habilidades Gerenciales
UP Altamira - Universidad Politécnica,Lic. En Gestión Y Des. Turístico,7,Cuatrimestre 7,Inglés VI
UP Altamira - Universidad Politécnica,Lic. En Gestión Y Des. Turístico,7,Cuatrimestre 7,Instrumentos para el Desarrollo Sustentable
UP Altamira - Universidad Politécnica,Lic. En Gestión Y Des. Turístico,8,Cuatrimestre 8,Calidad y Responsabilidad Social
UP Altamira - Universidad Politécnica,Lic. En Gestión Y Des. Turístico,8,Cuatrimestre 8,Consultoría Turística I
UP Altamira - Universidad Politécnica,Lic. En Gestión Y Des. Turístico,8,Cuatrimestre 8,Desarrollo de Proyectos Emprendedores para el Turismo I
UP Altamira - Universidad Politécnica,Lic. En Gestión Y Des. Turístico,8,Cuatrimestre 8,Finanzas para el Turismo
UP Altamira - Universidad Politécnica,Lic. En Gestión Y Des. Turístico,8,Cuatrimestre 8,Inglés VII
UP Altamira - Universidad Politécnica,Lic. En Gestión Y Des. Turístico,8,Cuatrimestre 8,Mercadotecnia Digital
UP Altamira - Universidad Politécnica,Lic. En Gestión Y Des. Turístico,8,Cuatrimestre 8,Tendencias para el Turismo
UP Altamira - Universidad Politécnica,Lic. En Gestión Y Des. Turístico,9,Cuatrimestre 9,Consultoría Turística II
UP Altamira - Universidad Politécnica,Lic. En Gestión Y Des. Turístico,9,Cuatrimestre 9,Desarrollo de Proyectos Emprendedores para el Turismo II
UP Altamira - Universidad Politécnica,Lic. En Gestión Y Des. Turístico,9,Cuatrimestre 9,Destinos Turísticos Inteligentes
UP Altamira - Universidad Politécnica,Lic. En Gestión Y Des. Turístico,9,Cuatrimestre 9,Dirección y Logística de Eventos
UP Altamira - Universidad Politécnica,Lic. En Gestión Y Des. Turístico,9,Cuatrimestre 9,Inglés VIII
UP Altamira - Universidad Politécnica,Lic. En Gestión Y Des. Turístico,9,Cuatrimestre 9,Proyecto Integrador III
UP Altamira - Universidad Politécnica,Lic. En Gestión Y Des. Turístico,9,Cuatrimestre 9,Seminario de Investigación Aplicado al Turismo
UP Altamira - Universidad Politécnica,Lic. En Gestión Y Des. Turístico,10,X (Estadía Ingeniería),ESTADÍA LICENCIATURA EN GESTIÓN Y DESARROLLO TURÍSTICO
UP Victoria - Universidad Politécnica,Ing. En Manufactura Avanzada,1,Cuatrimestre 1,Comunicación y Habilidades Digitales
UP Victoria - Universidad Politécnica,Ing. En Manufactura Avanzada,1,Cuatrimestre 1,Desarrollo Humano y Valores
UP Victoria - Universidad Politécnica,Ing. En Manufactura Avanzada,1,Cuatrimestre 1,Fundamentos Matemáticos
UP Victoria - Universidad Politécnica,Ing. En Manufactura Avanzada,1,Cuatrimestre 1,Inglés I
UP Victoria - Universidad Politécnica,Ing. En Manufactura Avanzada,1,Cuatrimestre 1,Metrología
UP Victoria - Universidad Politécnica,Ing. En Manufactura Avanzada,1,Cuatrimestre 1,Química Básica
UP Victoria - Universidad Politécnica,Ing. En Manufactura Avanzada,1,Cuatrimestre 1,"Seguridad, Higiene y Medio Ambiente"
UP Victoria - Universidad Politécnica,Ing. En Manufactura Avanzada,2,Cuatrimestre 2,Costos de Producción
UP Victoria - Universidad Politécnica,Ing. En Manufactura Avanzada,2,Cuatrimestre 2,Cálculo Diferencial
UP Victoria - Universidad Politécnica,Ing. En Manufactura Avanzada,2,Cuatrimestre 2,Estudio del Trabajo
UP Victoria - Universidad Politécnica,Ing. En Manufactura Avanzada,2,Cuatrimestre 2,Física I
UP Victoria - Universidad Politécnica,Ing. En Manufactura Avanzada,2,Cuatrimestre 2,Habilidades Socioemocionales y Manejo de Conflictos
UP Victoria - Universidad Politécnica,Ing. En Manufactura Avanzada,2,Cuatrimestre 2,Inglés II
UP Victoria - Universidad Politécnica,Ing. En Manufactura Avanzada,2,Cuatrimestre 2,Probabilidad y Estadística
UP Victoria - Universidad Politécnica,Ing. En Manufactura Avanzada,3,Cuatrimestre 3,Control de Calidad
UP Victoria - Universidad Politécnica,Ing. En Manufactura Avanzada,3,Cuatrimestre 3,Cálculo Integral
UP Victoria - Universidad Politécnica,Ing. En Manufactura Avanzada,3,Cuatrimestre 3,Desarrollo del Pensamiento y Toma de Decisiones
UP Victoria - Universidad Politécnica,Ing. En Manufactura Avanzada,3,Cuatrimestre 3,Dibujo Industrial
UP Victoria - Universidad Politécnica,Ing. En Manufactura Avanzada,3,Cuatrimestre 3,Inglés III
UP Victoria - Universidad Politécnica,Ing. En Manufactura Avanzada,3,Cuatrimestre 3,Procesos de Fabricación I
UP Victoria - Universidad Politécnica,Ing. En Manufactura Avanzada,3,Cuatrimestre 3,Proyecto Integrador I
UP Victoria - Universidad Politécnica,Ing. En Manufactura Avanzada,4,Cuatrimestre 4,Fundamentos de Mecánica
UP Victoria - Universidad Politécnica,Ing. En Manufactura Avanzada,4,Cuatrimestre 4,Ingeniería Asistida por Computadora
UP Victoria - Universidad Politécnica,Ing. En Manufactura Avanzada,4,Cuatrimestre 4,Inglés IV
UP Victoria - Universidad Politécnica,Ing. En Manufactura Avanzada,4,Cuatrimestre 4,Innovaciones de Manufactura
UP Victoria - Universidad Politécnica,Ing. En Manufactura Avanzada,4,Cuatrimestre 4,Lean Six Sigma
UP Victoria - Universidad Politécnica,Ing. En Manufactura Avanzada,4,Cuatrimestre 4,Procesos de Fabricación II
UP Victoria - Universidad Politécnica,Ing. En Manufactura Avanzada,4,Cuatrimestre 4,Ética Profesional
UP Victoria - Universidad Politécnica,Ing. En Manufactura Avanzada,5,Cuatrimestre 5,Dimensiones y Tolerancias Geométricas
UP Victoria - Universidad Politécnica,Ing. En Manufactura Avanzada,5,Cuatrimestre 5,Ecuaciones Diferenciales
UP Victoria - Universidad Politécnica,Ing. En Manufactura Avanzada,5,Cuatrimestre 5,Electricidad y Electrónica Industrial
UP Victoria - Universidad Politécnica,Ing. En Manufactura Avanzada,5,Cuatrimestre 5,Inglés V
UP Victoria - Universidad Politécnica,Ing. En Manufactura Avanzada,5,Cuatrimestre 5,Liderazgo de Equipos de Alto Desempeño
UP Victoria - Universidad Politécnica,Ing. En Manufactura Avanzada,5,Cuatrimestre 5,Manufactura Asistida por Computadora
UP Victoria - Universidad Politécnica,Ing. En Manufactura Avanzada,5,Cuatrimestre 5,Proyecto Integrador II
UP Victoria - Universidad Politécnica,Ing. En Manufactura Avanzada,6,VI (Estadía TSU),Electricidad y Electrónica Industrial
UP Victoria - Universidad Politécnica,Ing. En Manufactura Avanzada,6,VI (Estadía TSU),Liderazgo de Equipos de Alto Desempeño
UP Victoria - Universidad Politécnica,Ing. En Manufactura Avanzada,6,VI (Estadía TSU),Mantenimiento Industrial
UP Victoria - Universidad Politécnica,Ing. En Manufactura Avanzada,6,VI (Estadía TSU),Mecánica de Materiales para Manufactura
UP Victoria - Universidad Politécnica,Ing. En Manufactura Avanzada,6,VI (Estadía TSU),Procesos Especiales de Manufactura
UP Victoria - Universidad Politécnica,Ing. En Manufactura Avanzada,6,VI (Estadía TSU),Termodinámica
UP Victoria - Universidad Politécnica,Ing. En Manufactura Avanzada,7,Cuatrimestre 7,Habilidades Gerenciales
UP Victoria - Universidad Politécnica,Ing. En Manufactura Avanzada,7,Cuatrimestre 7,Ingeniería de Plásticos
UP Victoria - Universidad Politécnica,Ing. En Manufactura Avanzada,7,Cuatrimestre 7,Inglés VI
UP Victoria - Universidad Politécnica,Ing. En Manufactura Avanzada,7,Cuatrimestre 7,Lógica Digital para la Manufactura
UP Victoria - Universidad Politécnica,Ing. En Manufactura Avanzada,7,Cuatrimestre 7,Mecánica de Materiales
UP Victoria - Universidad Politécnica,Ing. En Manufactura Avanzada,7,Cuatrimestre 7,Sistemas Neumáticos e Hidráulicos
UP Victoria - Universidad Politécnica,Ing. En Manufactura Avanzada,7,Cuatrimestre 7,Sistemas de Producción
UP Victoria - Universidad Politécnica,Ing. En Manufactura Avanzada,8,Cuatrimestre 8,Administración Financiera
UP Victoria - Universidad Politécnica,Ing. En Manufactura Avanzada,8,Cuatrimestre 8,Diseño del Producto
UP Victoria - Universidad Politécnica,Ing. En Manufactura Avanzada,8,Cuatrimestre 8,Inglés VII
UP Victoria - Universidad Politécnica,Ing. En Manufactura Avanzada,8,Cuatrimestre 8,Investigación de Operaciones
UP Victoria - Universidad Politécnica,Ing. En Manufactura Avanzada,8,Cuatrimestre 8,Manufactura Aditiva
UP Victoria - Universidad Politécnica,Ing. En Manufactura Avanzada,8,Cuatrimestre 8,PLC y Redes Industriales
UP Victoria - Universidad Politécnica,Ing. En Manufactura Avanzada,8,Cuatrimestre 8,Sistemas Avanzados de la Calidad
UP Victoria - Universidad Politécnica,Ing. En Manufactura Avanzada,9,Cuatrimestre 9,Ingeniería Asistida por Computadora
UP Victoria - Universidad Politécnica,Ing. En Manufactura Avanzada,9,Cuatrimestre 9,Inglés VIII
UP Victoria - Universidad Politécnica,Ing. En Manufactura Avanzada,9,Cuatrimestre 9,Innovaciones de Manufactura
UP Victoria - Universidad Politécnica,Ing. En Manufactura Avanzada,9,Cuatrimestre 9,Lean Six Sigma
UP Victoria - Universidad Politécnica,Ing. En Manufactura Avanzada,9,Cuatrimestre 9,Proyecto Integrador III
UP Victoria - Universidad Politécnica,Ing. En Manufactura Avanzada,9,Cuatrimestre 9,Simulación de Procesos de Manufactura
UP Victoria - Universidad Politécnica,Ing. En Manufactura Avanzada,9,Cuatrimestre 9,Sistemas de Manufactura Flexible
UP Victoria - Universidad Politécnica,Ing. En Manufactura Avanzada,10,X (Estadía Ingeniería),ESTADÍA
UP Victoria - Universidad Politécnica,Ing. En Mecatrónica,1,Cuatrimestre 1,Comunicación y Habilidades Digitales
UP Victoria - Universidad Politécnica,Ing. En Mecatrónica,1,Cuatrimestre 1,Desarrollo Humano y Valores
UP Victoria - Universidad Politécnica,Ing. En Mecatrónica,1,Cuatrimestre 1,Fundamentos Matemáticos
UP Victoria - Universidad Politécnica,Ing. En Mecatrónica,1,Cuatrimestre 1,Inglés I
UP Victoria - Universidad Politécnica,Ing. En Mecatrónica,1,Cuatrimestre 1,Metodología de la Programación
UP Victoria - Universidad Politécnica,Ing. En Mecatrónica,1,Cuatrimestre 1,Metrología
UP Victoria - Universidad Politécnica,Ing. En Mecatrónica,1,Cuatrimestre 1,Procesos Industriales
UP Victoria - Universidad Politécnica,Ing. En Mecatrónica,2,Cuatrimestre 2,Circuitos Electrónicos
UP Victoria - Universidad Politécnica,Ing. En Mecatrónica,2,Cuatrimestre 2,Cálculo Diferencial
UP Victoria - Universidad Politécnica,Ing. En Mecatrónica,2,Cuatrimestre 2,Dibujo para Ingeniería
UP Victoria - Universidad Politécnica,Ing. En Mecatrónica,2,Cuatrimestre 2,Física
UP Victoria - Universidad Politécnica,Ing. En Mecatrónica,2,Cuatrimestre 2,Habilidades Socioemocionales y Manejo de Conflictos
UP Victoria - Universidad Politécnica,Ing. En Mecatrónica,2,Cuatrimestre 2,Inglés II
UP Victoria - Universidad Politécnica,Ing. En Mecatrónica,2,Cuatrimestre 2,Probabilidad y Estadística
UP Victoria - Universidad Politécnica,Ing. En Mecatrónica,3,Cuatrimestre 3,Cálculo Integral
UP Victoria - Universidad Politécnica,Ing. En Mecatrónica,3,Cuatrimestre 3,Desarrollo del Pensamiento y Toma de Decisiones
UP Victoria - Universidad Politécnica,Ing. En Mecatrónica,3,Cuatrimestre 3,Electrónica Analógica y Potencia
UP Victoria - Universidad Politécnica,Ing. En Mecatrónica,3,Cuatrimestre 3,Electrónica Digital
UP Victoria - Universidad Politécnica,Ing. En Mecatrónica,3,Cuatrimestre 3,Elementos Mecánicos
UP Victoria - Universidad Politécnica,Ing. En Mecatrónica,3,Cuatrimestre 3,Inglés III
UP Victoria - Universidad Politécnica,Ing. En Mecatrónica,3,Cuatrimestre 3,Proyecto Integrador I
UP Victoria - Universidad Politécnica,Ing. En Mecatrónica,4,Cuatrimestre 4,Control de Motores Eléctricos
UP Victoria - Universidad Politécnica,Ing. En Mecatrónica,4,Cuatrimestre 4,Cálculo de Varias Variables
UP Victoria - Universidad Politécnica,Ing. En Mecatrónica,4,Cuatrimestre 4,Estructura y Propiedades de los Materiales
UP Victoria - Universidad Politécnica,Ing. En Mecatrónica,4,Cuatrimestre 4,Inglés IV
UP Victoria - Universidad Politécnica,Ing. En Mecatrónica,4,Cuatrimestre 4,Instrumentación Industrial
UP Victoria - Universidad Politécnica,Ing. En Mecatrónica,4,Cuatrimestre 4,Sistemas Hidráulicos y Neumáticos
UP Victoria - Universidad Politécnica,Ing. En Mecatrónica,4,Cuatrimestre 4,Ética Profesional
UP Victoria - Universidad Politécnica,Ing. En Mecatrónica,5,Cuatrimestre 5,Controladores Lógicos de Programación
UP Victoria - Universidad Politécnica,Ing. En Mecatrónica,5,Cuatrimestre 5,Ecuaciones Diferenciales
UP Victoria - Universidad Politécnica,Ing. En Mecatrónica,5,Cuatrimestre 5,Implementación de Sistemas Automáticos
UP Victoria - Universidad Politécnica,Ing. En Mecatrónica,5,Cuatrimestre 5,Inglés V
UP Victoria - Universidad Politécnica,Ing. En Mecatrónica,5,Cuatrimestre 5,Liderazgo de Equipos de Alto Desempeño
UP Victoria - Universidad Politécnica,Ing. En Mecatrónica,5,Cuatrimestre 5,Procesos de Manufactura NME
UP Victoria - Universidad Politécnica,Ing. En Mecatrónica,5,Cuatrimestre 5,Proyecto Integrador II
UP Victoria - Universidad Politécnica,Ing. En Mecatrónica,6,VI (Estadía TSU),Automatización Industrial
UP Victoria - Universidad Politécnica,Ing. En Mecatrónica,6,VI (Estadía TSU),Cinemática de Mecanismos
UP Victoria - Universidad Politécnica,Ing. En Mecatrónica,6,VI (Estadía TSU),Control de Motores Eléctricos
UP Victoria - Universidad Politécnica,Ing. En Mecatrónica,6,VI (Estadía TSU),Liderazgo de Equipos de Alto Desempeño
UP Victoria - Universidad Politécnica,Ing. En Mecatrónica,6,VI (Estadía TSU),Matemáticas para Ingeniería II
UP Victoria - Universidad Politécnica,Ing. En Mecatrónica,6,VI (Estadía TSU),Resistencia de Materiales
UP Victoria - Universidad Politécnica,Ing. En Mecatrónica,7,Cuatrimestre 7,Análisis de Mecanismos
UP Victoria - Universidad Politécnica,Ing. En Mecatrónica,7,Cuatrimestre 7,Cinemática y Dinámica de Robots
UP Victoria - Universidad Politécnica,Ing. En Mecatrónica,7,Cuatrimestre 7,Habilidades Gerenciales
UP Victoria - Universidad Politécnica,Ing. En Mecatrónica,7,Cuatrimestre 7,Inglés VI
UP Victoria - Universidad Politécnica,Ing. En Mecatrónica,7,Cuatrimestre 7,Instrumentación Virtual
UP Victoria - Universidad Politécnica,Ing. En Mecatrónica,7,Cuatrimestre 7,Modelado y Simulación de Sistemas
UP Victoria - Universidad Politécnica,Ing. En Mecatrónica,7,Cuatrimestre 7,Sistemas Embebidos
UP Victoria - Universidad Politécnica,Ing. En Mecatrónica,8,Cuatrimestre 8,Diseño Asistido por Computadora
UP Victoria - Universidad Politécnica,Ing. En Mecatrónica,8,Cuatrimestre 8,Diseño Mecánico
UP Victoria - Universidad Politécnica,Ing. En Mecatrónica,8,Cuatrimestre 8,Diseño de Sistemas Mecatrónicos NME
UP Victoria - Universidad Politécnica,Ing. En Mecatrónica,8,Cuatrimestre 8,Ingeniería de Control
UP Victoria - Universidad Politécnica,Ing. En Mecatrónica,8,Cuatrimestre 8,Inglés VII
UP Victoria - Universidad Politécnica,Ing. En Mecatrónica,8,Cuatrimestre 8,Programación de Robots Industriales NME
UP Victoria - Universidad Politécnica,Ing. En Mecatrónica,8,Cuatrimestre 8,Sistema CAM
UP Victoria - Universidad Politécnica,Ing. En Mecatrónica,9,Cuatrimestre 9,Administración de Mantenimiento
UP Victoria - Universidad Politécnica,Ing. En Mecatrónica,9,Cuatrimestre 9,Control Avanzado
UP Victoria - Universidad Politécnica,Ing. En Mecatrónica,9,Cuatrimestre 9,Ingeniería Asistida por Computadora
UP Victoria - Universidad Politécnica,Ing. En Mecatrónica,9,Cuatrimestre 9,Inglés VIII
UP Victoria - Universidad Politécnica,Ing. En Mecatrónica,9,Cuatrimestre 9,Proyecto Integrador III
UP Victoria - Universidad Politécnica,Ing. En Mecatrónica,9,Cuatrimestre 9,Sistemas Eléctricos Industriales
UP Victoria - Universidad Politécnica,Ing. En Mecatrónica,9,Cuatrimestre 9,Sistemas de Manufactura Flexible
UP Victoria - Universidad Politécnica,Ing. En Mecatrónica,10,X (Estadía Ingeniería),ESTADÍA
UP Victoria - Universidad Politécnica,Ing. En Sistemas Automotrices,1,Cuatrimestre 1,Comunicación y Habilidades Digitales
UP Victoria - Universidad Politécnica,Ing. En Sistemas Automotrices,1,Cuatrimestre 1,Desarrollo Humano y Valores
UP Victoria - Universidad Politécnica,Ing. En Sistemas Automotrices,1,Cuatrimestre 1,Estática
UP Victoria - Universidad Politécnica,Ing. En Sistemas Automotrices,1,Cuatrimestre 1,Fundamentos Matemáticos
UP Victoria - Universidad Politécnica,Ing. En Sistemas Automotrices,1,Cuatrimestre 1,Inglés I
UP Victoria - Universidad Politécnica,Ing. En Sistemas Automotrices,1,Cuatrimestre 1,Materiales Automotrices
UP Victoria - Universidad Politécnica,Ing. En Sistemas Automotrices,1,Cuatrimestre 1,Metrología
UP Victoria - Universidad Politécnica,Ing. En Sistemas Automotrices,2,Cuatrimestre 2,Cálculo Diferencial
UP Victoria - Universidad Politécnica,Ing. En Sistemas Automotrices,2,Cuatrimestre 2,Dibujo por Computadora
UP Victoria - Universidad Politécnica,Ing. En Sistemas Automotrices,2,Cuatrimestre 2,Electricidad Automotriz
UP Victoria - Universidad Politécnica,Ing. En Sistemas Automotrices,2,Cuatrimestre 2,Habilidades Socioemocionales y Manejo de Conflictos
UP Victoria - Universidad Politécnica,Ing. En Sistemas Automotrices,2,Cuatrimestre 2,Inglés II
UP Victoria - Universidad Politécnica,Ing. En Sistemas Automotrices,2,Cuatrimestre 2,Probabilidad y Estadística
UP Victoria - Universidad Politécnica,Ing. En Sistemas Automotrices,2,Cuatrimestre 2,Procesos Industriales Automotrices
UP Victoria - Universidad Politécnica,Ing. En Sistemas Automotrices,3,Cuatrimestre 3,Control y Aseguramiento de la Calidad
UP Victoria - Universidad Politécnica,Ing. En Sistemas Automotrices,3,Cuatrimestre 3,Cálculo Integral
UP Victoria - Universidad Politécnica,Ing. En Sistemas Automotrices,3,Cuatrimestre 3,Desarrollo del Pensamiento y Toma de Decisiones
UP Victoria - Universidad Politécnica,Ing. En Sistemas Automotrices,3,Cuatrimestre 3,Inglés III
UP Victoria - Universidad Politécnica,Ing. En Sistemas Automotrices,3,Cuatrimestre 3,Máquinas Eléctricas Automotrices
UP Victoria - Universidad Politécnica,Ing. En Sistemas Automotrices,3,Cuatrimestre 3,Proyecto Integrador I
UP Victoria - Universidad Politécnica,Ing. En Sistemas Automotrices,3,Cuatrimestre 3,Termodinámica Automotriz
UP Victoria - Universidad Politécnica,Ing. En Sistemas Automotrices,4,Cuatrimestre 4,Cálculo de Varias Variables
UP Victoria - Universidad Politécnica,Ing. En Sistemas Automotrices,4,Cuatrimestre 4,Electrónica Automotriz
UP Victoria - Universidad Politécnica,Ing. En Sistemas Automotrices,4,Cuatrimestre 4,Inglés IV
UP Victoria - Universidad Politécnica,Ing. En Sistemas Automotrices,4,Cuatrimestre 4,Mecánica de Materiales
UP Victoria - Universidad Politécnica,Ing. En Sistemas Automotrices,4,Cuatrimestre 4,Seis Sigma
UP Victoria - Universidad Politécnica,Ing. En Sistemas Automotrices,4,Cuatrimestre 4,Sistemas Hidráulicos y Neumáticos
UP Victoria - Universidad Politécnica,Ing. En Sistemas Automotrices,4,Cuatrimestre 4,Ética Profesional
UP Victoria - Universidad Politécnica,Ing. En Sistemas Automotrices,5,Cuatrimestre 5,Automoción
UP Victoria - Universidad Politécnica,Ing. En Sistemas Automotrices,5,Cuatrimestre 5,Autotrónica
UP Victoria - Universidad Politécnica,Ing. En Sistemas Automotrices,5,Cuatrimestre 5,Ecuaciones Diferenciales
UP Victoria - Universidad Politécnica,Ing. En Sistemas Automotrices,5,Cuatrimestre 5,Inglés V
UP Victoria - Universidad Politécnica,Ing. En Sistemas Automotrices,5,Cuatrimestre 5,Liderazgo de Equipos de Alto Desempeño
UP Victoria - Universidad Politécnica,Ing. En Sistemas Automotrices,5,Cuatrimestre 5,Proyecto Integrador II
UP Victoria - Universidad Politécnica,Ing. En Sistemas Automotrices,5,Cuatrimestre 5,Sistemas Mecánicos Automotrices
UP Victoria - Universidad Politécnica,Ing. En Sistemas Automotrices,6,VI (Estadía TSU),Control de la Producción
UP Victoria - Universidad Politécnica,Ing. En Sistemas Automotrices,6,VI (Estadía TSU),Inglés VI
UP Victoria - Universidad Politécnica,Ing. En Sistemas Automotrices,6,VI (Estadía TSU),Manufactura Automotriz CAM y CNC
UP Victoria - Universidad Politécnica,Ing. En Sistemas Automotrices,6,VI (Estadía TSU),Sistemas de Calidad
UP Victoria - Universidad Politécnica,Ing. En Sistemas Automotrices,6,VI (Estadía TSU),Sistemas de Planeación
UP Victoria - Universidad Politécnica,Ing. En Sistemas Automotrices,6,VI (Estadía TSU),Transferencia de Calor
UP Victoria - Universidad Politécnica,Ing. En Sistemas Automotrices,6,VI (Estadía TSU),Ética Profesional
UP Victoria - Universidad Politécnica,Ing. En Sistemas Automotrices,7,Cuatrimestre 7,Control de la Producción
UP Victoria - Universidad Politécnica,Ing. En Sistemas Automotrices,7,Cuatrimestre 7,Habilidades Gerenciales
UP Victoria - Universidad Politécnica,Ing. En Sistemas Automotrices,7,Cuatrimestre 7,Inglés VI
UP Victoria - Universidad Politécnica,Ing. En Sistemas Automotrices,7,Cuatrimestre 7,Manufactura CAE
UP Victoria - Universidad Politécnica,Ing. En Sistemas Automotrices,7,Cuatrimestre 7,Manufactura Esbelta
UP Victoria - Universidad Politécnica,Ing. En Sistemas Automotrices,7,Cuatrimestre 7,Sistemas Embebidos
UP Victoria - Universidad Politécnica,Ing. En Sistemas Automotrices,7,Cuatrimestre 7,Tecnología del Plástico
UP Victoria - Universidad Politécnica,Ing. En Sistemas Automotrices,8,Cuatrimestre 8,Administración y Evaluación de Proyectos
UP Victoria - Universidad Politécnica,Ing. En Sistemas Automotrices,8,Cuatrimestre 8,Cómputo Automotriz
UP Victoria - Universidad Politécnica,Ing. En Sistemas Automotrices,8,Cuatrimestre 8,Inglés VII
UP Victoria - Universidad Politécnica,Ing. En Sistemas Automotrices,8,Cuatrimestre 8,Innovación Tecnológica
UP Victoria - Universidad Politécnica,Ing. En Sistemas Automotrices,8,Cuatrimestre 8,Marketing y Costos
UP Victoria - Universidad Politécnica,Ing. En Sistemas Automotrices,8,Cuatrimestre 8,Redes Industriales
UP Victoria - Universidad Politécnica,Ing. En Sistemas Automotrices,8,Cuatrimestre 8,Vibraciones Mecánicas
UP Victoria - Universidad Politécnica,Ing. En Sistemas Automotrices,9,Cuatrimestre 9,Análisis Multifísico
UP Victoria - Universidad Politécnica,Ing. En Sistemas Automotrices,9,Cuatrimestre 9,Diseño Automotriz
UP Victoria - Universidad Politécnica,Ing. En Sistemas Automotrices,9,Cuatrimestre 9,Inglés VIII
UP Victoria - Universidad Politécnica,Ing. En Sistemas Automotrices,9,Cuatrimestre 9,Manufactura Avanzada
UP Victoria - Universidad Politécnica,Ing. En Sistemas Automotrices,9,Cuatrimestre 9,Motores Automotrices Alternativos
UP Victoria - Universidad Politécnica,Ing. En Sistemas Automotrices,9,Cuatrimestre 9,Proyecto Integrador III
UP Victoria - Universidad Politécnica,Ing. En Sistemas Automotrices,9,Cuatrimestre 9,Sistemas Inteligentes
UP Victoria - Universidad Politécnica,Ing. En Sistemas Automotrices,10,X (Estadía Ingeniería),ESTADÍA
UP Victoria - Universidad Politécnica,Ing. En Ti E Innovación Digital,1,Cuatrimestre 1,Comunicación y Habilidades Digitales
UP Victoria - Universidad Politécnica,Ing. En Ti E Innovación Digital,1,Cuatrimestre 1,Desarrollo Humano y Valores
UP Victoria - Universidad Politécnica,Ing. En Ti E Innovación Digital,1,Cuatrimestre 1,Fundamentos Matemáticos
UP Victoria - Universidad Politécnica,Ing. En Ti E Innovación Digital,1,Cuatrimestre 1,Fundamentos de Programación
UP Victoria - Universidad Politécnica,Ing. En Ti E Innovación Digital,1,Cuatrimestre 1,Fundamentos de Redes
UP Victoria - Universidad Politécnica,Ing. En Ti E Innovación Digital,1,Cuatrimestre 1,Física
UP Victoria - Universidad Politécnica,Ing. En Ti E Innovación Digital,1,Cuatrimestre 1,Inglés I
UP Victoria - Universidad Politécnica,Ing. En Ti E Innovación Digital,2,Cuatrimestre 2,Conmutación y Enrutamiento de Redes
UP Victoria - Universidad Politécnica,Ing. En Ti E Innovación Digital,2,Cuatrimestre 2,Cálculo Diferencial
UP Victoria - Universidad Politécnica,Ing. En Ti E Innovación Digital,2,Cuatrimestre 2,Habilidades Socioemocionales y Manejo de Conflictos
UP Victoria - Universidad Politécnica,Ing. En Ti E Innovación Digital,2,Cuatrimestre 2,Inglés II
UP Victoria - Universidad Politécnica,Ing. En Ti E Innovación Digital,2,Cuatrimestre 2,Probabilidad y Estadística
UP Victoria - Universidad Politécnica,Ing. En Ti E Innovación Digital,2,Cuatrimestre 2,Programación Estructurada
UP Victoria - Universidad Politécnica,Ing. En Ti E Innovación Digital,2,Cuatrimestre 2,Sistemas Operativos
UP Victoria - Universidad Politécnica,Ing. En Ti E Innovación Digital,3,Cuatrimestre 3,Bases de Datos
UP Victoria - Universidad Politécnica,Ing. En Ti E Innovación Digital,3,Cuatrimestre 3,Cálculo Integral
UP Victoria - Universidad Politécnica,Ing. En Ti E Innovación Digital,3,Cuatrimestre 3,Desarrollo del Pensamiento y Toma de Decisiones
UP Victoria - Universidad Politécnica,Ing. En Ti E Innovación Digital,3,Cuatrimestre 3,Inglés III
UP Victoria - Universidad Politécnica,Ing. En Ti E Innovación Digital,3,Cuatrimestre 3,Programación Orientada a Objetos
UP Victoria - Universidad Politécnica,Ing. En Ti E Innovación Digital,3,Cuatrimestre 3,Proyecto Integrador I
UP Victoria - Universidad Politécnica,Ing. En Ti E Innovación Digital,3,Cuatrimestre 3,Tópicos de Calidad para Diseño de Software
UP Victoria - Universidad Politécnica,Ing. En Ti E Innovación Digital,4,Cuatrimestre 4,Análisis y Diseño de Software
UP Victoria - Universidad Politécnica,Ing. En Ti E Innovación Digital,4,Cuatrimestre 4,Aplicaciones Web
UP Victoria - Universidad Politécnica,Ing. En Ti E Innovación Digital,4,Cuatrimestre 4,Cálculo de Varias Variables
UP Victoria - Universidad Politécnica,Ing. En Ti E Innovación Digital,4,Cuatrimestre 4,Desarrollo de Aplicaciones Móviles
UP Victoria - Universidad Politécnica,Ing. En Ti E Innovación Digital,4,Cuatrimestre 4,Estructura de Datos
UP Victoria - Universidad Politécnica,Ing. En Ti E Innovación Digital,4,Cuatrimestre 4,Inglés IV
UP Victoria - Universidad Politécnica,Ing. En Ti E Innovación Digital,4,Cuatrimestre 4,Ética Profesional
UP Victoria - Universidad Politécnica,Ing. En Ti E Innovación Digital,5,Cuatrimestre 5,Aplicaciones Web Orientadas a Servicios
UP Victoria - Universidad Politécnica,Ing. En Ti E Innovación Digital,5,Cuatrimestre 5,Bases de Datos Avanzadas
UP Victoria - Universidad Politécnica,Ing. En Ti E Innovación Digital,5,Cuatrimestre 5,Ecuaciones Diferenciales
UP Victoria - Universidad Politécnica,Ing. En Ti E Innovación Digital,5,Cuatrimestre 5,Estándares y Métricas para Desarrollo de Software
UP Victoria - Universidad Politécnica,Ing. En Ti E Innovación Digital,5,Cuatrimestre 5,Inglés V
UP Victoria - Universidad Politécnica,Ing. En Ti E Innovación Digital,5,Cuatrimestre 5,Liderazgo de Equipos de Alto Desempeño
UP Victoria - Universidad Politécnica,Ing. En Ti E Innovación Digital,5,Cuatrimestre 5,Proyecto Integrador II
UP Victoria - Universidad Politécnica,Ing. En Ti E Innovación Digital,6,VI (Estadía TSU),ESTADÍA TSU
UP Victoria - Universidad Politécnica,Ing. En Ti E Innovación Digital,7,Cuatrimestre 7,Bases de Datos en la Nube
UP Victoria - Universidad Politécnica,Ing. En Ti E Innovación Digital,7,Cuatrimestre 7,Formulación de Proyectos de Tecnología
UP Victoria - Universidad Politécnica,Ing. En Ti E Innovación Digital,7,Cuatrimestre 7,Fundamentos de Inteligencia Artificial
UP Victoria - Universidad Politécnica,Ing. En Ti E Innovación Digital,7,Cuatrimestre 7,Habilidades Gerenciales
UP Victoria - Universidad Politécnica,Ing. En Ti E Innovación Digital,7,Cuatrimestre 7,Inglés VI
UP Victoria - Universidad Politécnica,Ing. En Ti E Innovación Digital,7,Cuatrimestre 7,Seguridad Informática
UP Victoria - Universidad Politécnica,Ing. En Ti E Innovación Digital,7,Cuatrimestre 7,Ética y Legislación en TI
UP Victoria - Universidad Politécnica,Ing. En Ti E Innovación Digital,8,Cuatrimestre 8,Administración de Servidores
UP Victoria - Universidad Politécnica,Ing. En Ti E Innovación Digital,8,Cuatrimestre 8,Electrónica Digital
UP Victoria - Universidad Politécnica,Ing. En Ti E Innovación Digital,8,Cuatrimestre 8,Gestión de Proyectos de Tecnología
UP Victoria - Universidad Politécnica,Ing. En Ti E Innovación Digital,8,Cuatrimestre 8,Informática Forense
UP Victoria - Universidad Politécnica,Ing. En Ti E Innovación Digital,8,Cuatrimestre 8,Inglés VII
UP Victoria - Universidad Politécnica,Ing. En Ti E Innovación Digital,8,Cuatrimestre 8,Programación Móvil Avanzada
UP Victoria - Universidad Politécnica,Ing. En Ti E Innovación Digital,8,Cuatrimestre 8,Programación para Inteligencia Artificial
UP Victoria - Universidad Politécnica,Ing. En Ti E Innovación Digital,9,Cuatrimestre 9,Ciencia de Datos
UP Victoria - Universidad Politécnica,Ing. En Ti E Innovación Digital,9,Cuatrimestre 9,Evaluación de Proyectos de Tecnología
UP Victoria - Universidad Politécnica,Ing. En Ti E Innovación Digital,9,Cuatrimestre 9,Inglés VIII
UP Victoria - Universidad Politécnica,Ing. En Ti E Innovación Digital,9,Cuatrimestre 9,Internet de las Cosas
UP Victoria - Universidad Politécnica,Ing. En Ti E Innovación Digital,9,Cuatrimestre 9,Optativa (Desarrollo de Software)
UP Victoria - Universidad Politécnica,Ing. En Ti E Innovación Digital,9,Cuatrimestre 9,Proyecto Integrador III
UP Victoria - Universidad Politécnica,Ing. En Ti E Innovación Digital,9,Cuatrimestre 9,Tecnologías Disruptivas
UP Victoria - Universidad Politécnica,Ing. En Ti E Innovación Digital,10,X (Estadía Ingeniería),ESTADÍA
UP Victoria - Universidad Politécnica,Lic. En Admón. Y Gestión Empresarial,1,Cuatrimestre 1,Contabilidad I
UP Victoria - Universidad Politécnica,Lic. En Admón. Y Gestión Empresarial,1,Cuatrimestre 1,Desarrollo Humano y Valores
UP Victoria - Universidad Politécnica,Lic. En Admón. Y Gestión Empresarial,1,Cuatrimestre 1,Fundamentos Matemáticos
UP Victoria - Universidad Politécnica,Lic. En Admón. Y Gestión Empresarial,1,Cuatrimestre 1,Fundamentos de Administración
UP Victoria - Universidad Politécnica,Lic. En Admón. Y Gestión Empresarial,1,Cuatrimestre 1,Inglés I
UP Victoria - Universidad Politécnica,Lic. En Admón. Y Gestión Empresarial,1,Cuatrimestre 1,Marco Legal de las Organizaciones
UP Victoria - Universidad Politécnica,Lic. En Admón. Y Gestión Empresarial,2,Cuatrimestre 2,Contabilidad II
UP Victoria - Universidad Politécnica,Lic. En Admón. Y Gestión Empresarial,2,Cuatrimestre 2,Derecho Corporativo
UP Victoria - Universidad Politécnica,Lic. En Admón. Y Gestión Empresarial,2,Cuatrimestre 2,Habilidades Socioemocionales y Manejo de Conflictos
UP Victoria - Universidad Politécnica,Lic. En Admón. Y Gestión Empresarial,2,Cuatrimestre 2,Inglés II
UP Victoria - Universidad Politécnica,Lic. En Admón. Y Gestión Empresarial,2,Cuatrimestre 2,Microeconomía
UP Victoria - Universidad Politécnica,Lic. En Admón. Y Gestión Empresarial,2,Cuatrimestre 2,Planeación Estratégica
UP Victoria - Universidad Politécnica,Lic. En Admón. Y Gestión Empresarial,2,Cuatrimestre 2,Probabilidad y Estadística
UP Victoria - Universidad Politécnica,Lic. En Admón. Y Gestión Empresarial,3,Cuatrimestre 3,Análisis Financiero
UP Victoria - Universidad Politécnica,Lic. En Admón. Y Gestión Empresarial,3,Cuatrimestre 3,Desarrollo del Pensamiento y Toma de Decisiones
UP Victoria - Universidad Politécnica,Lic. En Admón. Y Gestión Empresarial,3,Cuatrimestre 3,Fundamentos de Calidad
UP Victoria - Universidad Politécnica,Lic. En Admón. Y Gestión Empresarial,3,Cuatrimestre 3,Fundamentos de Mercadotecnia
UP Victoria - Universidad Politécnica,Lic. En Admón. Y Gestión Empresarial,3,Cuatrimestre 3,Inglés III
UP Victoria - Universidad Politécnica,Lic. En Admón. Y Gestión Empresarial,3,Cuatrimestre 3,Macroeconomía
UP Victoria - Universidad Politécnica,Lic. En Admón. Y Gestión Empresarial,3,Cuatrimestre 3,Proyecto Integrador I
UP Victoria - Universidad Politécnica,Lic. En Admón. Y Gestión Empresarial,4,Cuatrimestre 4,Comportamiento Organizacional
UP Victoria - Universidad Politécnica,Lic. En Admón. Y Gestión Empresarial,4,Cuatrimestre 4,Gestión del Capital Humano
UP Victoria - Universidad Politécnica,Lic. En Admón. Y Gestión Empresarial,4,Cuatrimestre 4,Inglés IV
UP Victoria - Universidad Politécnica,Lic. En Admón. Y Gestión Empresarial,4,Cuatrimestre 4,Integración del Capital Humano
UP Victoria - Universidad Politécnica,Lic. En Admón. Y Gestión Empresarial,4,Cuatrimestre 4,Legislación Laboral
UP Victoria - Universidad Politécnica,Lic. En Admón. Y Gestión Empresarial,4,Cuatrimestre 4,Sueldos y Salarios
UP Victoria - Universidad Politécnica,Lic. En Admón. Y Gestión Empresarial,4,Cuatrimestre 4,Ética Profesional
UP Victoria - Universidad Politécnica,Lic. En Admón. Y Gestión Empresarial,5,Cuatrimestre 5,Desarrollo Organizacional
UP Victoria - Universidad Politécnica,Lic. En Admón. Y Gestión Empresarial,5,Cuatrimestre 5,Desarrollo del Capital Humano
UP Victoria - Universidad Politécnica,Lic. En Admón. Y Gestión Empresarial,5,Cuatrimestre 5,Inglés V
UP Victoria - Universidad Politécnica,Lic. En Admón. Y Gestión Empresarial,5,Cuatrimestre 5,Liderazgo de Equipos de Alto Desempeño
UP Victoria - Universidad Politécnica,Lic. En Admón. Y Gestión Empresarial,5,Cuatrimestre 5,Proyecto Integrador II
UP Victoria - Universidad Politécnica,Lic. En Admón. Y Gestión Empresarial,5,Cuatrimestre 5,Seguridad e Higiene Laboral
UP Victoria - Universidad Politécnica,Lic. En Admón. Y Gestión Empresarial,5,Cuatrimestre 5,Sueldos y Salarios II
UP Victoria - Universidad Politécnica,Lic. En Admón. Y Gestión Empresarial,6,VI (Estadía TSU),Administración Financiera
UP Victoria - Universidad Politécnica,Lic. En Admón. Y Gestión Empresarial,6,VI (Estadía TSU),Administración de Sueldos y Salarios
UP Victoria - Universidad Politécnica,Lic. En Admón. Y Gestión Empresarial,6,VI (Estadía TSU),Administración de la Calidad
UP Victoria - Universidad Politécnica,Lic. En Admón. Y Gestión Empresarial,6,VI (Estadía TSU),Econometría
UP Victoria - Universidad Politécnica,Lic. En Admón. Y Gestión Empresarial,6,VI (Estadía TSU),Liderazgo de Equipos de Alto Desempeño
UP Victoria - Universidad Politécnica,Lic. En Admón. Y Gestión Empresarial,6,VI (Estadía TSU),Mercadotecnia Estratégica
UP Victoria - Universidad Politécnica,Lic. En Admón. Y Gestión Empresarial,7,Cuatrimestre 7,Administración de la Producción
UP Victoria - Universidad Politécnica,Lic. En Admón. Y Gestión Empresarial,7,Cuatrimestre 7,Gestión del Talento Humano
UP Victoria - Universidad Politécnica,Lic. En Admón. Y Gestión Empresarial,7,Cuatrimestre 7,Habilidades Gerenciales
UP Victoria - Universidad Politécnica,Lic. En Admón. Y Gestión Empresarial,7,Cuatrimestre 7,Inglés VI
UP Victoria - Universidad Politécnica,Lic. En Admón. Y Gestión Empresarial,7,Cuatrimestre 7,Mercadotecnia Estratégica
UP Victoria - Universidad Politécnica,Lic. En Admón. Y Gestión Empresarial,7,Cuatrimestre 7,Proyectos de Innovación Sostenible
UP Victoria - Universidad Politécnica,Lic. En Admón. Y Gestión Empresarial,7,Cuatrimestre 7,Tecnologías Aplicadas a los Negocios
UP Victoria - Universidad Politécnica,Lic. En Admón. Y Gestión Empresarial,8,Cuatrimestre 8,Administración y Gestión de la Calidad
UP Victoria - Universidad Politécnica,Lic. En Admón. Y Gestión Empresarial,8,Cuatrimestre 8,Dirección Estratégica
UP Victoria - Universidad Politécnica,Lic. En Admón. Y Gestión Empresarial,8,Cuatrimestre 8,Evaluación del Desempeño del Capital Humano
UP Victoria - Universidad Politécnica,Lic. En Admón. Y Gestión Empresarial,8,Cuatrimestre 8,Inglés VII
UP Victoria - Universidad Politécnica,Lic. En Admón. Y Gestión Empresarial,8,Cuatrimestre 8,Investigación de Operaciones
UP Victoria - Universidad Politécnica,Lic. En Admón. Y Gestión Empresarial,8,Cuatrimestre 8,Modelos de Negocios
UP Victoria - Universidad Politécnica,Lic. En Admón. Y Gestión Empresarial,8,Cuatrimestre 8,Sistemas de la Información Aplicados en la Organización
UP Victoria - Universidad Politécnica,Lic. En Admón. Y Gestión Empresarial,9,Cuatrimestre 9,Comercio y Logística Internacional
UP Victoria - Universidad Politécnica,Lic. En Admón. Y Gestión Empresarial,9,Cuatrimestre 9,Consultoría Empresarial
UP Victoria - Universidad Politécnica,Lic. En Admón. Y Gestión Empresarial,9,Cuatrimestre 9,Desarrollo en Proyectos de Emprendimiento Social
UP Victoria - Universidad Politécnica,Lic. En Admón. Y Gestión Empresarial,9,Cuatrimestre 9,Finanzas Corporativas
UP Victoria - Universidad Politécnica,Lic. En Admón. Y Gestión Empresarial,9,Cuatrimestre 9,Gestión de la Propiedad Intelectual
UP Victoria - Universidad Politécnica,Lic. En Admón. Y Gestión Empresarial,9,Cuatrimestre 9,Inglés VIII
UP Victoria - Universidad Politécnica,Lic. En Admón. Y Gestión Empresarial,9,Cuatrimestre 9,Proyecto Integrador III
UP Victoria - Universidad Politécnica,Lic. En Admón. Y Gestión Empresarial,10,X (Estadía Ingeniería),ESTADÍA
UP Victoria - Universidad Politécnica,Lic. En Comercio Int. Y Aduanas,1,Cuatrimestre 1,Comunicación y Habilidades Digitales
UP Victoria - Universidad Politécnica,Lic. En Comercio Int. Y Aduanas,1,Cuatrimestre 1,Desarrollo Humano y Valores
UP Victoria - Universidad Politécnica,Lic. En Comercio Int. Y Aduanas,1,Cuatrimestre 1,Fundamentos Matemáticos
UP Victoria - Universidad Politécnica,Lic. En Comercio Int. Y Aduanas,1,Cuatrimestre 1,Inglés I
UP Victoria - Universidad Politécnica,Lic. En Comercio Int. Y Aduanas,1,Cuatrimestre 1,Introducción a Negocios Internacionales
UP Victoria - Universidad Politécnica,Lic. En Comercio Int. Y Aduanas,1,Cuatrimestre 1,Introducción a la Logística
UP Victoria - Universidad Politécnica,Lic. En Comercio Int. Y Aduanas,1,Cuatrimestre 1,Introducción a la Normatividad del Comercio Internacional
UP Victoria - Universidad Politécnica,Lic. En Comercio Int. Y Aduanas,2,Cuatrimestre 2,Fundamentos de Administración
UP Victoria - Universidad Politécnica,Lic. En Comercio Int. Y Aduanas,2,Cuatrimestre 2,Habilidades Socioemocionales y Manejo de Conflictos
UP Victoria - Universidad Politécnica,Lic. En Comercio Int. Y Aduanas,2,Cuatrimestre 2,Inglés II
UP Victoria - Universidad Politécnica,Lic. En Comercio Int. Y Aduanas,2,Cuatrimestre 2,Introducción a la Economía
UP Victoria - Universidad Politécnica,Lic. En Comercio Int. Y Aduanas,2,Cuatrimestre 2,Introducción al Sistema Armonizado y Merceología
UP Victoria - Universidad Politécnica,Lic. En Comercio Int. Y Aduanas,2,Cuatrimestre 2,Mercadotecnia
UP Victoria - Universidad Politécnica,Lic. En Comercio Int. Y Aduanas,2,Cuatrimestre 2,Probabilidad y Estadística
UP Victoria - Universidad Politécnica,Lic. En Comercio Int. Y Aduanas,3,Cuatrimestre 3,Clasificación Arancelaria I
UP Victoria - Universidad Politécnica,Lic. En Comercio Int. Y Aduanas,3,Cuatrimestre 3,Contabilidad
UP Victoria - Universidad Politécnica,Lic. En Comercio Int. Y Aduanas,3,Cuatrimestre 3,Desarrollo del Pensamiento y Toma de Decisiones
UP Victoria - Universidad Politécnica,Lic. En Comercio Int. Y Aduanas,3,Cuatrimestre 3,Geografía Económica Internacional
UP Victoria - Universidad Politécnica,Lic. En Comercio Int. Y Aduanas,3,Cuatrimestre 3,Inglés III
UP Victoria - Universidad Politécnica,Lic. En Comercio Int. Y Aduanas,3,Cuatrimestre 3,Legislación Aplicada a los Negocios
UP Victoria - Universidad Politécnica,Lic. En Comercio Int. Y Aduanas,3,Cuatrimestre 3,Proyecto Integrador I
UP Victoria - Universidad Politécnica,Lic. En Comercio Int. Y Aduanas,4,Cuatrimestre 4,Clasificación Arancelaria II
UP Victoria - Universidad Politécnica,Lic. En Comercio Int. Y Aduanas,4,Cuatrimestre 4,Financiamiento y Formas de Pago Internacional
UP Victoria - Universidad Politécnica,Lic. En Comercio Int. Y Aduanas,4,Cuatrimestre 4,Infracciones y Sanciones
UP Victoria - Universidad Politécnica,Lic. En Comercio Int. Y Aduanas,4,Cuatrimestre 4,Inglés IV
UP Victoria - Universidad Politécnica,Lic. En Comercio Int. Y Aduanas,4,Cuatrimestre 4,Introducción a Pedimentos
UP Victoria - Universidad Politécnica,Lic. En Comercio Int. Y Aduanas,4,Cuatrimestre 4,Tecnologías Aplicadas al Proceso de Importación y Exportación
UP Victoria - Universidad Politécnica,Lic. En Comercio Int. Y Aduanas,4,Cuatrimestre 4,Ética Profesional
UP Victoria - Universidad Politécnica,Lic. En Comercio Int. Y Aduanas,5,Cuatrimestre 5,Clasificación Arancelaria III
UP Victoria - Universidad Politécnica,Lic. En Comercio Int. Y Aduanas,5,Cuatrimestre 5,Inglés V
UP Victoria - Universidad Politécnica,Lic. En Comercio Int. Y Aduanas,5,Cuatrimestre 5,Introducción a Procedimientos y Trámites Aduanales
UP Victoria - Universidad Politécnica,Lic. En Comercio Int. Y Aduanas,5,Cuatrimestre 5,Liderazgo de Equipos de Alto Desempeño
UP Victoria - Universidad Politécnica,Lic. En Comercio Int. Y Aduanas,5,Cuatrimestre 5,Medios de Defensa
UP Victoria - Universidad Politécnica,Lic. En Comercio Int. Y Aduanas,5,Cuatrimestre 5,Programas de Fomento a la Exportación
UP Victoria - Universidad Politécnica,Lic. En Comercio Int. Y Aduanas,5,Cuatrimestre 5,Proyecto Integrador II
UP Victoria - Universidad Politécnica,Lic. En Comercio Int. Y Aduanas,6,VI (Estadía TSU),P.E. Control Presupuestal
UP Victoria - Universidad Politécnica,Lic. En Comercio Int. Y Aduanas,6,VI (Estadía TSU),P.E. Derecho Internacional
UP Victoria - Universidad Politécnica,Lic. En Comercio Int. Y Aduanas,6,VI (Estadía TSU),P.E. Financiamiento y Formas de Pago Internacional
UP Victoria - Universidad Politécnica,Lic. En Comercio Int. Y Aduanas,6,VI (Estadía TSU),P.E. Introducción a la Logística
UP Victoria - Universidad Politécnica,Lic. En Comercio Int. Y Aduanas,6,VI (Estadía TSU),P.E. Política Monetaria
UP Victoria - Universidad Politécnica,Lic. En Comercio Int. Y Aduanas,6,VI (Estadía TSU),P.E. Ética Profesional
UP Victoria - Universidad Politécnica,Lic. En Comercio Int. Y Aduanas,7,Cuatrimestre 7,Comercio Sostenible
UP Victoria - Universidad Politécnica,Lic. En Comercio Int. Y Aduanas,7,Cuatrimestre 7,Derecho Internacional
UP Victoria - Universidad Politécnica,Lic. En Comercio Int. Y Aduanas,7,Cuatrimestre 7,Envase y Embalaje
UP Victoria - Universidad Politécnica,Lic. En Comercio Int. Y Aduanas,7,Cuatrimestre 7,Habilidades Gerenciales
UP Victoria - Universidad Politécnica,Lic. En Comercio Int. Y Aduanas,7,Cuatrimestre 7,Inglés VI
UP Victoria - Universidad Politécnica,Lic. En Comercio Int. Y Aduanas,7,Cuatrimestre 7,Investigación de Operaciones
UP Victoria - Universidad Politécnica,Lic. En Comercio Int. Y Aduanas,7,Cuatrimestre 7,Logística Internacional
UP Victoria - Universidad Politécnica,Lic. En Comercio Int. Y Aduanas,8,Cuatrimestre 8,Ecosistemas Digitales Comerciales
UP Victoria - Universidad Politécnica,Lic. En Comercio Int. Y Aduanas,8,Cuatrimestre 8,Evaluación de Proyectos
UP Victoria - Universidad Politécnica,Lic. En Comercio Int. Y Aduanas,8,Cuatrimestre 8,Inglés VII
UP Victoria - Universidad Politécnica,Lic. En Comercio Int. Y Aduanas,8,Cuatrimestre 8,Multiculturalidad y Protocolo de Negocios
UP Victoria - Universidad Politécnica,Lic. En Comercio Int. Y Aduanas,8,Cuatrimestre 8,Organismos de Apoyo al Comercio Exterior
UP Victoria - Universidad Politécnica,Lic. En Comercio Int. Y Aduanas,8,Cuatrimestre 8,Pedimentos y Legislación Aduanera
UP Victoria - Universidad Politécnica,Lic. En Comercio Int. Y Aduanas,8,Cuatrimestre 8,Tratados y Acuerdos Comerciales Internacionales
UP Victoria - Universidad Politécnica,Lic. En Comercio Int. Y Aduanas,9,Cuatrimestre 9,Desarrollo Emprendedor y Consultoría
UP Victoria - Universidad Politécnica,Lic. En Comercio Int. Y Aduanas,9,Cuatrimestre 9,Estrategias de Negociación Internacional
UP Victoria - Universidad Politécnica,Lic. En Comercio Int. Y Aduanas,9,Cuatrimestre 9,Inglés VIII
UP Victoria - Universidad Politécnica,Lic. En Comercio Int. Y Aduanas,9,Cuatrimestre 9,Pedimentos y Legislación Aduanera II
UP Victoria - Universidad Politécnica,Lic. En Comercio Int. Y Aduanas,9,Cuatrimestre 9,Plan de Negocios de Exportación
UP Victoria - Universidad Politécnica,Lic. En Comercio Int. Y Aduanas,9,Cuatrimestre 9,Procedimientos y Trámites Aduanales
UP Victoria - Universidad Politécnica,Lic. En Comercio Int. Y Aduanas,9,Cuatrimestre 9,Proyecto Integrador III
UP Victoria - Universidad Politécnica,Lic. En Comercio Int. Y Aduanas,10,X (Estadía Ingeniería),ESTADÍA
UT Altamira,Ing. En Energía Y Des. Sostenible,1,Cuatrimestre 1,Comunicación y Habilidades Digitales
UT Altamira,Ing. En Energía Y Des. Sostenible,1,Cuatrimestre 1,Desarrollo Humano y Valores
UT Altamira,Ing. En Energía Y Des. Sostenible,1,Cuatrimestre 1,Dibujo Asistido por Computadora
UT Altamira,Ing. En Energía Y Des. Sostenible,1,Cuatrimestre 1,Energía y Desarrollo Sostenible
UT Altamira,Ing. En Energía Y Des. Sostenible,1,Cuatrimestre 1,Fundamentos Matemáticos
UT Altamira,Ing. En Energía Y Des. Sostenible,1,Cuatrimestre 1,Física
UT Altamira,Ing. En Energía Y Des. Sostenible,1,Cuatrimestre 1,Inglés I
UT Altamira,Ing. En Energía Y Des. Sostenible,2,Cuatrimestre 2,Circuitos Eléctricos
UT Altamira,Ing. En Energía Y Des. Sostenible,2,Cuatrimestre 2,Cálculo Diferencial
UT Altamira,Ing. En Energía Y Des. Sostenible,2,Cuatrimestre 2,Diagnósticos Energéticos
UT Altamira,Ing. En Energía Y Des. Sostenible,2,Cuatrimestre 2,Habilidades Socioemocionales y Manejo de Conflictos
UT Altamira,Ing. En Energía Y Des. Sostenible,2,Cuatrimestre 2,Inglés II
UT Altamira,Ing. En Energía Y Des. Sostenible,2,Cuatrimestre 2,Probabilidad y Estadística
UT Altamira,Ing. En Energía Y Des. Sostenible,2,Cuatrimestre 2,Seguridad y Medio Ambiente
UT Altamira,Ing. En Energía Y Des. Sostenible,3,Cuatrimestre 3,Cálculo Integral
UT Altamira,Ing. En Energía Y Des. Sostenible,3,Cuatrimestre 3,Desarrollo del Pensamiento y Toma de Decisiones
UT Altamira,Ing. En Energía Y Des. Sostenible,3,Cuatrimestre 3,Electrónica Industrial
UT Altamira,Ing. En Energía Y Des. Sostenible,3,Cuatrimestre 3,Inglés III
UT Altamira,Ing. En Energía Y Des. Sostenible,3,Cuatrimestre 3,Instalaciones Eléctricas Industriales
UT Altamira,Ing. En Energía Y Des. Sostenible,3,Cuatrimestre 3,Proyecto Integrador I
UT Altamira,Ing. En Energía Y Des. Sostenible,3,Cuatrimestre 3,Temas Selectos de Química
UT Altamira,Ing. En Energía Y Des. Sostenible,4,Cuatrimestre 4,Cálculo de Varias Variables
UT Altamira,Ing. En Energía Y Des. Sostenible,4,Cuatrimestre 4,Gestión del Mantenimiento
UT Altamira,Ing. En Energía Y Des. Sostenible,4,Cuatrimestre 4,Inglés IV
UT Altamira,Ing. En Energía Y Des. Sostenible,4,Cuatrimestre 4,Introducción a los Sistemas Geotérmicos y Fuerza Mareomotriz
UT Altamira,Ing. En Energía Y Des. Sostenible,4,Cuatrimestre 4,Metrología
UT Altamira,Ing. En Energía Y Des. Sostenible,4,Cuatrimestre 4,Temas Selectos de Termodinámica y Transferencia de Energía
UT Altamira,Ing. En Energía Y Des. Sostenible,4,Cuatrimestre 4,Ética Profesional
UT Altamira,Ing. En Energía Y Des. Sostenible,5,Cuatrimestre 5,Aerogeneradores
UT Altamira,Ing. En Energía Y Des. Sostenible,5,Cuatrimestre 5,Ecuaciones Diferenciales
UT Altamira,Ing. En Energía Y Des. Sostenible,5,Cuatrimestre 5,Inglés V
UT Altamira,Ing. En Energía Y Des. Sostenible,5,Cuatrimestre 5,Liderazgo de Equipos de Alto Desempeño
UT Altamira,Ing. En Energía Y Des. Sostenible,5,Cuatrimestre 5,Mantenimiento a Sistemas de Turbogeneración
UT Altamira,Ing. En Energía Y Des. Sostenible,5,Cuatrimestre 5,Máquinas Eléctricas
UT Altamira,Ing. En Energía Y Des. Sostenible,5,Cuatrimestre 5,Proyecto Integrador II
UT Altamira,Ing. En Energía Y Des. Sostenible,6,VI (Estadía TSU),ESTADÍA TSU EN TURBO ENERGÍA
UT Altamira,Ing. En Energía Y Des. Sostenible,7,Cuatrimestre 7,Electroquímica
UT Altamira,Ing. En Energía Y Des. Sostenible,7,Cuatrimestre 7,Habilidades Gerenciales
UT Altamira,Ing. En Energía Y Des. Sostenible,7,Cuatrimestre 7,Ingeniería de Equipos y Sistemas Industriales
UT Altamira,Ing. En Energía Y Des. Sostenible,7,Cuatrimestre 7,Inglés VI
UT Altamira,Ing. En Energía Y Des. Sostenible,7,Cuatrimestre 7,Introducción a las Redes Eléctricas Inteligentes
UT Altamira,Ing. En Energía Y Des. Sostenible,7,Cuatrimestre 7,Sistemas de Adquisición de Datos
UT Altamira,Ing. En Energía Y Des. Sostenible,7,Cuatrimestre 7,Temas Selectos de Física
UT Altamira,Ing. En Energía Y Des. Sostenible,8,Cuatrimestre 8,Almacenamiento de Energía
UT Altamira,Ing. En Energía Y Des. Sostenible,8,Cuatrimestre 8,Arquitectura Bioclimática
UT Altamira,Ing. En Energía Y Des. Sostenible,8,Cuatrimestre 8,Hidrógeno y Celdas de Combustibles
UT Altamira,Ing. En Energía Y Des. Sostenible,8,Cuatrimestre 8,Ingeniería de la Biomasa
UT Altamira,Ing. En Energía Y Des. Sostenible,8,Cuatrimestre 8,Inglés VII
UT Altamira,Ing. En Energía Y Des. Sostenible,8,Cuatrimestre 8,Normatividad y Sustentabilidad Energética
UT Altamira,Ing. En Energía Y Des. Sostenible,8,Cuatrimestre 8,Sistemas de Generación Distribuidos
UT Altamira,Ing. En Energía Y Des. Sostenible,9,Cuatrimestre 9,Diseño de Proyectos Eólicos
UT Altamira,Ing. En Energía Y Des. Sostenible,9,Cuatrimestre 9,Diseño de Proyectos Fotovoltaicos
UT Altamira,Ing. En Energía Y Des. Sostenible,9,Cuatrimestre 9,Eficiencia Energética
UT Altamira,Ing. En Energía Y Des. Sostenible,9,Cuatrimestre 9,Ingeniería Económica
UT Altamira,Ing. En Energía Y Des. Sostenible,9,Cuatrimestre 9,Inglés VIII
UT Altamira,Ing. En Energía Y Des. Sostenible,9,Cuatrimestre 9,Modelado y Simulación de Sistemas en Energías Renovables
UT Altamira,Ing. En Energía Y Des. Sostenible,9,Cuatrimestre 9,Proyecto Integrador III
UT Altamira,Ing. En Energía Y Des. Sostenible,10,X (Estadía Ingeniería),ESTADÍA LICENCIATURA EN INGENIERÍA EN ENERGÍA Y DESARROLLO SOSTENIBLE
UT Altamira,Ing. En Logística,1,Cuatrimestre 1,Administración y Principios de Economía
UT Altamira,Ing. En Logística,1,Cuatrimestre 1,Comunicación y Habilidades Digitales
UT Altamira,Ing. En Logística,1,Cuatrimestre 1,Desarrollo Humano y Valores
UT Altamira,Ing. En Logística,1,Cuatrimestre 1,Fundamentos Matemáticos
UT Altamira,Ing. En Logística,1,Cuatrimestre 1,Fundamentos de la Cadena de Suministros
UT Altamira,Ing. En Logística,1,Cuatrimestre 1,Inglés I
UT Altamira,Ing. En Logística,1,Cuatrimestre 1,Probabilidad y Estadística
UT Altamira,Ing. En Logística,2,Cuatrimestre 2,Cálculo Diferencial
UT Altamira,Ing. En Logística,2,Cuatrimestre 2,Física
UT Altamira,Ing. En Logística,2,Cuatrimestre 2,Gestión de Almacén
UT Altamira,Ing. En Logística,2,Cuatrimestre 2,Habilidades Socioemocionales y Manejo de Conflictos
UT Altamira,Ing. En Logística,2,Cuatrimestre 2,Inglés II
UT Altamira,Ing. En Logística,2,Cuatrimestre 2,Logística de Abastecimiento
UT Altamira,Ing. En Logística,2,Cuatrimestre 2,Marco Regulatorio del Comercio Internacional
UT Altamira,Ing. En Logística,3,Cuatrimestre 3,Calidad en la Cadena de Suministros
UT Altamira,Ing. En Logística,3,Cuatrimestre 3,Costos y Presupuestos Logísticos
UT Altamira,Ing. En Logística,3,Cuatrimestre 3,Cálculo Integral
UT Altamira,Ing. En Logística,3,Cuatrimestre 3,Desarrollo del Pensamiento y Toma de Decisiones
UT Altamira,Ing. En Logística,3,Cuatrimestre 3,Inglés III
UT Altamira,Ing. En Logística,3,Cuatrimestre 3,Proyecto Integrador I
UT Altamira,Ing. En Logística,3,Cuatrimestre 3,Tráfico y Sistemas de Transporte
UT Altamira,Ing. En Logística,4,Cuatrimestre 4,Administración de Materiales de Producción
UT Altamira,Ing. En Logística,4,Cuatrimestre 4,Administración y Control de Inventarios
UT Altamira,Ing. En Logística,4,Cuatrimestre 4,Cálculo de Varias Variables
UT Altamira,Ing. En Logística,4,Cuatrimestre 4,Geografía e Infraestructura Logística
UT Altamira,Ing. En Logística,4,Cuatrimestre 4,Inglés IV
UT Altamira,Ing. En Logística,4,Cuatrimestre 4,Pronósticos en la Cadena de Suministros
UT Altamira,Ing. En Logística,4,Cuatrimestre 4,Ética Profesional
UT Altamira,Ing. En Logística,5,Cuatrimestre 5,Ecuaciones Diferenciales
UT Altamira,Ing. En Logística,5,Cuatrimestre 5,Gestión de la Cadena de Suministro
UT Altamira,Ing. En Logística,5,Cuatrimestre 5,Inglés V
UT Altamira,Ing. En Logística,5,Cuatrimestre 5,Liderazgo de Equipos de Alto Desempeño
UT Altamira,Ing. En Logística,5,Cuatrimestre 5,Operaciones de Comercio Exterior
UT Altamira,Ing. En Logística,5,Cuatrimestre 5,Proyecto Integrador II
UT Altamira,Ing. En Logística,5,Cuatrimestre 5,TIC'S Aplicadas a la Cadena de Suministros
UT Altamira,Ing. En Logística,6,VI (Estadía TSU),ESTADÍA TSU EN CADENA DE SUMINISTRO
UT Altamira,Ing. En Logística,7,Cuatrimestre 7,Administración de Operaciones Logísticas
UT Altamira,Ing. En Logística,7,Cuatrimestre 7,Diseño de Redes Logísticas
UT Altamira,Ing. En Logística,7,Cuatrimestre 7,Habilidades Gerenciales
UT Altamira,Ing. En Logística,7,Cuatrimestre 7,Inglés VI
UT Altamira,Ing. En Logística,7,Cuatrimestre 7,Investigación de Operación Logísticas
UT Altamira,Ing. En Logística,7,Cuatrimestre 7,Logística de Producción
UT Altamira,Ing. En Logística,7,Cuatrimestre 7,Optativa I
UT Altamira,Ing. En Logística,8,Cuatrimestre 8,Gestión del Comercio Internacional
UT Altamira,Ing. En Logística,8,Cuatrimestre 8,Inglés VII
UT Altamira,Ing. En Logística,8,Cuatrimestre 8,Optativa II (Economía Circular)
UT Altamira,Ing. En Logística,8,Cuatrimestre 8,Planeación y Organización del Trabajo
UT Altamira,Ing. En Logística,8,Cuatrimestre 8,Seguridad de la Cadena de Suministros
UT Altamira,Ing. En Logística,8,Cuatrimestre 8,Simulación de Procesos Logísticos
UT Altamira,Ing. En Logística,9,Cuatrimestre 9,Análisis de Datos para la Toma de Decisiones
UT Altamira,Ing. En Logística,9,Cuatrimestre 9,Ingeniería Económica
UT Altamira,Ing. En Logística,9,Cuatrimestre 9,Inglés VIII
UT Altamira,Ing. En Logística,9,Cuatrimestre 9,Optativa III
UT Altamira,Ing. En Logística,9,Cuatrimestre 9,Planeación Estratégica
UT Altamira,Ing. En Logística,9,Cuatrimestre 9,Proyecto Integrador III
UT Altamira,Ing. En Logística,9,Cuatrimestre 9,Tendencia de la Cadena de Suministros
UT Altamira,Ing. En Logística,10,X (Estadía Ingeniería),ESTADÍA LICENCIATURA EN INGENIERÍA EN LOGÍSTICA
UT Altamira,Ing. En Mantenimiento Industrial,1,Cuatrimestre 1,Comunicación y Habilidades Digitales
UT Altamira,Ing. En Mantenimiento Industrial,1,Cuatrimestre 1,Desarrollo Humano y Valores
UT Altamira,Ing. En Mantenimiento Industrial,1,Cuatrimestre 1,Dibujo Industrial
UT Altamira,Ing. En Mantenimiento Industrial,1,Cuatrimestre 1,Fundamentos Matemáticos
UT Altamira,Ing. En Mantenimiento Industrial,1,Cuatrimestre 1,Fundamentos de Mantenimiento
UT Altamira,Ing. En Mantenimiento Industrial,1,Cuatrimestre 1,Inglés I
UT Altamira,Ing. En Mantenimiento Industrial,1,Cuatrimestre 1,Seguridad Industrial
UT Altamira,Ing. En Mantenimiento Industrial,2,Cuatrimestre 2,Cálculo Diferencial
UT Altamira,Ing. En Mantenimiento Industrial,2,Cuatrimestre 2,Física
UT Altamira,Ing. En Mantenimiento Industrial,2,Cuatrimestre 2,Gestión del Mantenimiento
UT Altamira,Ing. En Mantenimiento Industrial,2,Cuatrimestre 2,Habilidades Socioemocionales y Manejo de Conflictos
UT Altamira,Ing. En Mantenimiento Industrial,2,Cuatrimestre 2,Inglés II
UT Altamira,Ing. En Mantenimiento Industrial,2,Cuatrimestre 2,Probabilidad y Estadística
UT Altamira,Ing. En Mantenimiento Industrial,2,Cuatrimestre 2,Termodinámica
UT Altamira,Ing. En Mantenimiento Industrial,3,Cuatrimestre 3,Cálculo Integral
UT Altamira,Ing. En Mantenimiento Industrial,3,Cuatrimestre 3,Desarrollo del Pensamiento y Toma de Decisiones
UT Altamira,Ing. En Mantenimiento Industrial,3,Cuatrimestre 3,Electrónica Analógica
UT Altamira,Ing. En Mantenimiento Industrial,3,Cuatrimestre 3,Inglés III
UT Altamira,Ing. En Mantenimiento Industrial,3,Cuatrimestre 3,Máquinas y Mecanismos
UT Altamira,Ing. En Mantenimiento Industrial,3,Cuatrimestre 3,Proyecto Integrador I
UT Altamira,Ing. En Mantenimiento Industrial,3,Cuatrimestre 3,Sistemas Eléctricos
UT Altamira,Ing. En Mantenimiento Industrial,4,Cuatrimestre 4,Automatización y Robótica
UT Altamira,Ing. En Mantenimiento Industrial,4,Cuatrimestre 4,Cálculo de Varias Variables
UT Altamira,Ing. En Mantenimiento Industrial,4,Cuatrimestre 4,Electrónica Digital
UT Altamira,Ing. En Mantenimiento Industrial,4,Cuatrimestre 4,Inglés IV
UT Altamira,Ing. En Mantenimiento Industrial,4,Cuatrimestre 4,Máquinas Eléctricas
UT Altamira,Ing. En Mantenimiento Industrial,4,Cuatrimestre 4,Sistemas Neumáticos e Hidráulicos
UT Altamira,Ing. En Mantenimiento Industrial,4,Cuatrimestre 4,Ética Profesional
UT Altamira,Ing. En Mantenimiento Industrial,5,Cuatrimestre 5,Ciencia de los Materiales
UT Altamira,Ing. En Mantenimiento Industrial,5,Cuatrimestre 5,Ecuaciones Diferenciales
UT Altamira,Ing. En Mantenimiento Industrial,5,Cuatrimestre 5,Inglés V
UT Altamira,Ing. En Mantenimiento Industrial,5,Cuatrimestre 5,Liderazgo de Equipos de Alto Desempeño
UT Altamira,Ing. En Mantenimiento Industrial,5,Cuatrimestre 5,Mantenimiento a Procesos de Manufactura
UT Altamira,Ing. En Mantenimiento Industrial,5,Cuatrimestre 5,Proyecto Integrador II
UT Altamira,Ing. En Mantenimiento Industrial,5,Cuatrimestre 5,Sistemas Térmicos e Industriales
UT Altamira,Ing. En Mantenimiento Industrial,6,VI (Estadía TSU),ESTADÍA TSU EN MANTENIMIENTO INDUSTRIAL
UT Altamira,Ing. En Mantenimiento Industrial,7,Cuatrimestre 7,Administración Estratégica para Mantenimiento
UT Altamira,Ing. En Mantenimiento Industrial,7,Cuatrimestre 7,Física para Ingeniería
UT Altamira,Ing. En Mantenimiento Industrial,7,Cuatrimestre 7,Habilidades Gerenciales
UT Altamira,Ing. En Mantenimiento Industrial,7,Cuatrimestre 7,Ingeniería Económica
UT Altamira,Ing. En Mantenimiento Industrial,7,Cuatrimestre 7,Inglés VI
UT Altamira,Ing. En Mantenimiento Industrial,7,Cuatrimestre 7,Instalaciones Eléctricas
UT Altamira,Ing. En Mantenimiento Industrial,7,Cuatrimestre 7,Métodos y Sistemas de Trabajo
UT Altamira,Ing. En Mantenimiento Industrial,7,Cuatrimestre 7,Tribología
UT Altamira,Ing. En Mantenimiento Industrial,8,Cuatrimestre 8,Ensayos Destructivos
UT Altamira,Ing. En Mantenimiento Industrial,8,Cuatrimestre 8,Inglés VII
UT Altamira,Ing. En Mantenimiento Industrial,8,Cuatrimestre 8,Mantenimiento Predictivo Mecánico
UT Altamira,Ing. En Mantenimiento Industrial,8,Cuatrimestre 8,Protocolos de Operación y Mantenimiento
UT Altamira,Ing. En Mantenimiento Industrial,8,Cuatrimestre 8,Sistemas Automatizados y Redes Industriales
UT Altamira,Ing. En Mantenimiento Industrial,8,Cuatrimestre 8,Técnicas TPM y RCM
UT Altamira,Ing. En Mantenimiento Industrial,9,Cuatrimestre 9,Ensayos No Destructivos
UT Altamira,Ing. En Mantenimiento Industrial,9,Cuatrimestre 9,Gestión Ambiental
UT Altamira,Ing. En Mantenimiento Industrial,9,Cuatrimestre 9,Gestión del Talento Humano
UT Altamira,Ing. En Mantenimiento Industrial,9,Cuatrimestre 9,Inglés VIII
UT Altamira,Ing. En Mantenimiento Industrial,9,Cuatrimestre 9,Manufactura Asistida por Computadora
UT Altamira,Ing. En Mantenimiento Industrial,9,Cuatrimestre 9,Proyecto Integrador III
UT Altamira,Ing. En Mantenimiento Industrial,9,Cuatrimestre 9,Visualización y Control de Procesos
UT Altamira,Ing. En Mantenimiento Industrial,10,X (Estadía Ingeniería),ESTADÍA LICENCIATURA EN INGENIERÍA EN MANTENIMIENTO INDUSTRIAL
UT Altamira,Ing. En Mecatrónica (Bis),0,0 (Inmersión/Propedéutico),Desarrollo Sostenible
UT Altamira,Ing. En Mecatrónica (Bis),0,0 (Inmersión/Propedéutico),Desarrollo de Competencias Globales
UT Altamira,Ing. En Mecatrónica (Bis),0,0 (Inmersión/Propedéutico),Introducción a la Lengua Inglesa
UT Altamira,Ing. En Mecatrónica (Bis),0,0 (Inmersión/Propedéutico),Tutorías BIS
UT Altamira,Ing. En Mecatrónica (Bis),1,Cuatrimestre 1,Comunicación y Habilidades Digitales
UT Altamira,Ing. En Mecatrónica (Bis),1,Cuatrimestre 1,Desarrollo Humano y Valores
UT Altamira,Ing. En Mecatrónica (Bis),1,Cuatrimestre 1,Fundamentos Matemáticos
UT Altamira,Ing. En Mecatrónica (Bis),1,Cuatrimestre 1,Inglés I
UT Altamira,Ing. En Mecatrónica (Bis),1,Cuatrimestre 1,Metodología de la Programación
UT Altamira,Ing. En Mecatrónica (Bis),1,Cuatrimestre 1,Metrología
UT Altamira,Ing. En Mecatrónica (Bis),1,Cuatrimestre 1,Procesos Industriales
UT Altamira,Ing. En Mecatrónica (Bis),2,Cuatrimestre 2,Circuitos Eléctricos
UT Altamira,Ing. En Mecatrónica (Bis),2,Cuatrimestre 2,Cálculo Diferencial
UT Altamira,Ing. En Mecatrónica (Bis),2,Cuatrimestre 2,Dibujo para Ingeniería
UT Altamira,Ing. En Mecatrónica (Bis),2,Cuatrimestre 2,Física
UT Altamira,Ing. En Mecatrónica (Bis),2,Cuatrimestre 2,Habilidades Socioemocionales y Manejo de Conflictos
UT Altamira,Ing. En Mecatrónica (Bis),2,Cuatrimestre 2,Inglés II
UT Altamira,Ing. En Mecatrónica (Bis),2,Cuatrimestre 2,Probabilidad y Estadística
UT Altamira,Ing. En Mecatrónica (Bis),3,Cuatrimestre 3,Cálculo Integral
UT Altamira,Ing. En Mecatrónica (Bis),3,Cuatrimestre 3,Desarrollo del Pensamiento y Toma de Decisiones
UT Altamira,Ing. En Mecatrónica (Bis),3,Cuatrimestre 3,Electrónica Analógica y de Potencia
UT Altamira,Ing. En Mecatrónica (Bis),3,Cuatrimestre 3,Electrónica Digital
UT Altamira,Ing. En Mecatrónica (Bis),3,Cuatrimestre 3,Elementos Mecánicos
UT Altamira,Ing. En Mecatrónica (Bis),3,Cuatrimestre 3,Inglés III
UT Altamira,Ing. En Mecatrónica (Bis),3,Cuatrimestre 3,Proyecto Integrador I
UT Altamira,Ing. En Mecatrónica (Bis),4,Cuatrimestre 4,Control de Motores Eléctricos
UT Altamira,Ing. En Mecatrónica (Bis),4,Cuatrimestre 4,Controladores Lógicos Programables
UT Altamira,Ing. En Mecatrónica (Bis),4,Cuatrimestre 4,Cálculo de Varias Variables
UT Altamira,Ing. En Mecatrónica (Bis),4,Cuatrimestre 4,Estructura y Propiedades de los Materiales
UT Altamira,Ing. En Mecatrónica (Bis),4,Cuatrimestre 4,Inglés IV
UT Altamira,Ing. En Mecatrónica (Bis),4,Cuatrimestre 4,Instrumentación Industrial
UT Altamira,Ing. En Mecatrónica (Bis),4,Cuatrimestre 4,Sistemas Neumáticos e Hidráulicos
UT Altamira,Ing. En Mecatrónica (Bis),4,Cuatrimestre 4,Ética Profesional
UT Altamira,Ing. En Mecatrónica (Bis),5,Cuatrimestre 5,Ecuaciones Diferenciales
UT Altamira,Ing. En Mecatrónica (Bis),5,Cuatrimestre 5,Implementación de Sistemas Automáticos
UT Altamira,Ing. En Mecatrónica (Bis),5,Cuatrimestre 5,Inglés V
UT Altamira,Ing. En Mecatrónica (Bis),5,Cuatrimestre 5,Liderazgo de Equipos de Alto Desempeño
UT Altamira,Ing. En Mecatrónica (Bis),5,Cuatrimestre 5,Procesos de Manufactura
UT Altamira,Ing. En Mecatrónica (Bis),5,Cuatrimestre 5,Proyecto Integrador II
UT Altamira,Ing. En Mecatrónica (Bis),6,VI (Estadía TSU),ESTADÍA TSU EN AUTOMATIZACIÓN
UT Altamira,Ing. En Mecatrónica (Bis),7,Cuatrimestre 7,Análisis de Mecanismos
UT Altamira,Ing. En Mecatrónica (Bis),7,Cuatrimestre 7,Cinemática y Dinámica de Robots
UT Altamira,Ing. En Mecatrónica (Bis),7,Cuatrimestre 7,Diseño Asistido por Computadora
UT Altamira,Ing. En Mecatrónica (Bis),7,Cuatrimestre 7,Habilidades Gerenciales
UT Altamira,Ing. En Mecatrónica (Bis),7,Cuatrimestre 7,Inglés VI
UT Altamira,Ing. En Mecatrónica (Bis),7,Cuatrimestre 7,Instrumentación Virtual
UT Altamira,Ing. En Mecatrónica (Bis),7,Cuatrimestre 7,Modelado y Simulación de Sistemas
UT Altamira,Ing. En Mecatrónica (Bis),7,Cuatrimestre 7,Sistemas Embebidos
UT Altamira,Ing. En Mecatrónica (Bis),8,Cuatrimestre 8,Control Avanzado
UT Altamira,Ing. En Mecatrónica (Bis),8,Cuatrimestre 8,Diseño Mecánico
UT Altamira,Ing. En Mecatrónica (Bis),8,Cuatrimestre 8,Diseño de Mecatrónicos
UT Altamira,Ing. En Mecatrónica (Bis),8,Cuatrimestre 8,Ingeniería de Control
UT Altamira,Ing. En Mecatrónica (Bis),8,Cuatrimestre 8,Inglés VII
UT Altamira,Ing. En Mecatrónica (Bis),8,Cuatrimestre 8,Programación de Robots Industriales
UT Altamira,Ing. En Mecatrónica (Bis),8,Cuatrimestre 8,Sistemas CAM CNC
UT Altamira,Ing. En Mecatrónica (Bis),9,Cuatrimestre 9,Administración de Mantenimiento
UT Altamira,Ing. En Mecatrónica (Bis),9,Cuatrimestre 9,Ingeniería Asistida por Computadora
UT Altamira,Ing. En Mecatrónica (Bis),9,Cuatrimestre 9,Inglés VIII
UT Altamira,Ing. En Mecatrónica (Bis),9,Cuatrimestre 9,Proyecto Integrador III
UT Altamira,Ing. En Mecatrónica (Bis),9,Cuatrimestre 9,Sistemas Eléctricos Industriales
UT Altamira,Ing. En Mecatrónica (Bis),9,Cuatrimestre 9,Sistemas de Manufactura Flexible
UT Altamira,Ing. En Mecatrónica (Bis),10,X (Estadía Ingeniería),ESTADÍA LICENCIATURA EN INGENIERÍA MECATRÓNICA
UT Altamira,Ing. En Nanotecnología,1,Cuatrimestre 1,Comunicación y Habilidades Digitales
UT Altamira,Ing. En Nanotecnología,1,Cuatrimestre 1,Desarrollo Humano y Valores
UT Altamira,Ing. En Nanotecnología,1,Cuatrimestre 1,Fundamentos Matemáticos
UT Altamira,Ing. En Nanotecnología,1,Cuatrimestre 1,Inglés I
UT Altamira,Ing. En Nanotecnología,1,Cuatrimestre 1,Introducción a la Nanotecnología
UT Altamira,Ing. En Nanotecnología,1,Cuatrimestre 1,Química General
UT Altamira,Ing. En Nanotecnología,1,Cuatrimestre 1,Termodinámica
UT Altamira,Ing. En Nanotecnología,2,Cuatrimestre 2,Control de Calidad
UT Altamira,Ing. En Nanotecnología,2,Cuatrimestre 2,Cálculo Diferencial
UT Altamira,Ing. En Nanotecnología,2,Cuatrimestre 2,Física
UT Altamira,Ing. En Nanotecnología,2,Cuatrimestre 2,Habilidades Socioemocionales y Manejo de Conflictos
UT Altamira,Ing. En Nanotecnología,2,Cuatrimestre 2,Inglés II
UT Altamira,Ing. En Nanotecnología,2,Cuatrimestre 2,Probabilidad y Estadística
UT Altamira,Ing. En Nanotecnología,2,Cuatrimestre 2,Química Inorgánica
UT Altamira,Ing. En Nanotecnología,3,Cuatrimestre 3,Ciencia de los Materiales
UT Altamira,Ing. En Nanotecnología,3,Cuatrimestre 3,Cálculo Integral
UT Altamira,Ing. En Nanotecnología,3,Cuatrimestre 3,Desarrollo del Pensamiento y Toma de Decisiones
UT Altamira,Ing. En Nanotecnología,3,Cuatrimestre 3,Inglés III
UT Altamira,Ing. En Nanotecnología,3,Cuatrimestre 3,Proyecto Integrador I
UT Altamira,Ing. En Nanotecnología,3,Cuatrimestre 3,Química Analítica
UT Altamira,Ing. En Nanotecnología,3,Cuatrimestre 3,Síntesis de Nanomateriales
UT Altamira,Ing. En Nanotecnología,4,Cuatrimestre 4,Cálculo de Varias Variables
UT Altamira,Ing. En Nanotecnología,4,Cuatrimestre 4,Electroquímica
UT Altamira,Ing. En Nanotecnología,4,Cuatrimestre 4,Incorporación de Materiales
UT Altamira,Ing. En Nanotecnología,4,Cuatrimestre 4,Inglés IV
UT Altamira,Ing. En Nanotecnología,4,Cuatrimestre 4,Nanobiología
UT Altamira,Ing. En Nanotecnología,4,Cuatrimestre 4,Ética Profesional
UT Altamira,Ing. En Nanotecnología,4,Cuatrimestre 4,Óptica y Fenómenos Cuánticos
UT Altamira,Ing. En Nanotecnología,5,Cuatrimestre 5,Caracterización de Materiales I
UT Altamira,Ing. En Nanotecnología,5,Cuatrimestre 5,Ecuaciones Diferenciales
UT Altamira,Ing. En Nanotecnología,5,Cuatrimestre 5,Inglés V
UT Altamira,Ing. En Nanotecnología,5,Cuatrimestre 5,Liderazgo de Equipos de Alto Desempeño
UT Altamira,Ing. En Nanotecnología,5,Cuatrimestre 5,Nanomateriales
UT Altamira,Ing. En Nanotecnología,5,Cuatrimestre 5,Proyecto Integrador II
UT Altamira,Ing. En Nanotecnología,5,Cuatrimestre 5,Sistemas de Gestión Integral
UT Altamira,Ing. En Nanotecnología,6,VI (Estadía TSU),ESTADÍA TSU EN NANOTECNOLOGÍA
UT Altamira,Ing. En Nanotecnología,7,Cuatrimestre 7,Caracterización de Materiales II
UT Altamira,Ing. En Nanotecnología,7,Cuatrimestre 7,Física para Nanotecnología
UT Altamira,Ing. En Nanotecnología,7,Cuatrimestre 7,Habilidades Gerenciales
UT Altamira,Ing. En Nanotecnología,7,Cuatrimestre 7,Inglés VI
UT Altamira,Ing. En Nanotecnología,7,Cuatrimestre 7,Metrología e Instrumentación Virtual
UT Altamira,Ing. En Nanotecnología,7,Cuatrimestre 7,Nanobiotecnología
UT Altamira,Ing. En Nanotecnología,7,Cuatrimestre 7,Operaciones Unitarias
UT Altamira,Ing. En Nanotecnología,8,Cuatrimestre 8,Calidad Industrial
UT Altamira,Ing. En Nanotecnología,8,Cuatrimestre 8,Dibujo Industrial
UT Altamira,Ing. En Nanotecnología,8,Cuatrimestre 8,Ingeniería Industrial
UT Altamira,Ing. En Nanotecnología,8,Cuatrimestre 8,Inglés VII
UT Altamira,Ing. En Nanotecnología,8,Cuatrimestre 8,Optativa I
UT Altamira,Ing. En Nanotecnología,8,Cuatrimestre 8,Simulación y Modelado de Proyectos
UT Altamira,Ing. En Nanotecnología,9,Cuatrimestre 9,Escalamiento de Proceso
UT Altamira,Ing. En Nanotecnología,9,Cuatrimestre 9,Ingeniería Económica
UT Altamira,Ing. En Nanotecnología,9,Cuatrimestre 9,Inglés VIII
UT Altamira,Ing. En Nanotecnología,9,Cuatrimestre 9,Optativa II
UT Altamira,Ing. En Nanotecnología,9,Cuatrimestre 9,Procesos Unitarios
UT Altamira,Ing. En Nanotecnología,9,Cuatrimestre 9,Proyecto Integrador III
UT Altamira,Ing. En Nanotecnología,10,X (Estadía Ingeniería),ESTADÍA LICENCIATURA EN INGENIERÍA EN NANOTECNOLOGÍA
UT Altamira,Ing. Química,1,Cuatrimestre 1,Buenas Prácticas de Laboratorio
UT Altamira,Ing. Química,1,Cuatrimestre 1,Comunicación y Habilidades Digitales
UT Altamira,Ing. Química,1,Cuatrimestre 1,Desarrollo Humano y Valores
UT Altamira,Ing. Química,1,Cuatrimestre 1,Fundamentos Matemáticos
UT Altamira,Ing. Química,1,Cuatrimestre 1,Inglés I
UT Altamira,Ing. Química,1,Cuatrimestre 1,Química Básica
UT Altamira,Ing. Química,1,Cuatrimestre 1,Termodinámica
UT Altamira,Ing. Química,2,Cuatrimestre 2,Control de Calidad
UT Altamira,Ing. Química,2,Cuatrimestre 2,Cálculo Diferencial
UT Altamira,Ing. Química,2,Cuatrimestre 2,Física
UT Altamira,Ing. Química,2,Cuatrimestre 2,Habilidades Socioemocionales y Manejo de Conflictos
UT Altamira,Ing. Química,2,Cuatrimestre 2,Inglés II
UT Altamira,Ing. Química,2,Cuatrimestre 2,Probabilidad y Estadística
UT Altamira,Ing. Química,2,Cuatrimestre 2,Química Inorgánica
UT Altamira,Ing. Química,3,Cuatrimestre 3,Balances de Materia y Energía
UT Altamira,Ing. Química,3,Cuatrimestre 3,Cálculo Integral
UT Altamira,Ing. Química,3,Cuatrimestre 3,Desarrollo del Pensamiento y Toma de Decisiones
UT Altamira,Ing. Química,3,Cuatrimestre 3,Inglés III
UT Altamira,Ing. Química,3,Cuatrimestre 3,Proyecto Integrador I
UT Altamira,Ing. Química,3,Cuatrimestre 3,Química Analítica
UT Altamira,Ing. Química,3,Cuatrimestre 3,Química Orgánica
UT Altamira,Ing. Química,4,Cuatrimestre 4,Cinética Química
UT Altamira,Ing. Química,4,Cuatrimestre 4,Cálculo de Varias Variables
UT Altamira,Ing. Química,4,Cuatrimestre 4,Inglés IV
UT Altamira,Ing. Química,4,Cuatrimestre 4,Operaciones Unitarias
UT Altamira,Ing. Química,4,Cuatrimestre 4,"Seguridad, Higiene y Medio Ambiente"
UT Altamira,Ing. Química,4,Cuatrimestre 4,Transporte de Fluidos
UT Altamira,Ing. Química,4,Cuatrimestre 4,Ética Profesional
UT Altamira,Ing. Química,5,Cuatrimestre 5,Análisis Instrumental
UT Altamira,Ing. Química,5,Cuatrimestre 5,Ecuaciones Diferenciales
UT Altamira,Ing. Química,5,Cuatrimestre 5,Inglés V
UT Altamira,Ing. Química,5,Cuatrimestre 5,Liderazgo de Equipos de Alto Desempeño
UT Altamira,Ing. Química,5,Cuatrimestre 5,Procesos de Separación
UT Altamira,Ing. Química,5,Cuatrimestre 5,Proyecto Integrador II
UT Altamira,Ing. Química,5,Cuatrimestre 5,Transferencia de Masa
UT Altamira,Ing. Química,6,VI (Estadía TSU),ESTADÍA TSU EN QUÍMICA INDUSTRIAL
UT Altamira,Ing. Química,7,Cuatrimestre 7,Análisis Instrumental
UT Altamira,Ing. Química,7,Cuatrimestre 7,Habilidades Gerenciales
UT Altamira,Ing. Química,7,Cuatrimestre 7,Inglés VI
UT Altamira,Ing. Química,7,Cuatrimestre 7,Instrumentación y Control
UT Altamira,Ing. Química,7,Cuatrimestre 7,Optativa I
UT Altamira,Ing. Química,7,Cuatrimestre 7,Química Aplicada
UT Altamira,Ing. Química,7,Cuatrimestre 7,Reactores Químicos
UT Altamira,Ing. Química,8,Cuatrimestre 8,Diseño de Procesos
UT Altamira,Ing. Química,8,Cuatrimestre 8,Ingeniería de Proyectos
UT Altamira,Ing. Química,8,Cuatrimestre 8,Inglés VII
UT Altamira,Ing. Química,8,Cuatrimestre 8,Optativa II
UT Altamira,Ing. Química,8,Cuatrimestre 8,Química Sustentable
UT Altamira,Ing. Química,8,Cuatrimestre 8,"Simulación, Optimización de Procesos"
UT Altamira,Ing. Química,9,Cuatrimestre 9,Diseño de Experimentos
UT Altamira,Ing. Química,9,Cuatrimestre 9,Ingeniería Económica
UT Altamira,Ing. Química,9,Cuatrimestre 9,Inglés VIII
UT Altamira,Ing. Química,9,Cuatrimestre 9,Optativa III
UT Altamira,Ing. Química,9,Cuatrimestre 9,Proyecto Integrador III
UT Altamira,Ing. Química,9,Cuatrimestre 9,Sistemas de Gestión
UT Altamira,Ing. Química,10,X (Estadía Ingeniería),ESTADÍA LICENCIATURA EN INGENIERÍA QUÍMICA
UT Altamira,Lic. En Negocios Y Mercadotecnia,1,Cuatrimestre 1,Comunicación y Habilidades Digitales
UT Altamira,Lic. En Negocios Y Mercadotecnia,1,Cuatrimestre 1,Desarrollo Humano y Valores
UT Altamira,Lic. En Negocios Y Mercadotecnia,1,Cuatrimestre 1,Fundamentos de Administración y Entorno Empresarial
UT Altamira,Lic. En Negocios Y Mercadotecnia,1,Cuatrimestre 1,Informática
UT Altamira,Lic. En Negocios Y Mercadotecnia,1,Cuatrimestre 1,Inglés I
UT Altamira,Lic. En Negocios Y Mercadotecnia,1,Cuatrimestre 1,Matemáticas
UT Altamira,Lic. En Negocios Y Mercadotecnia,1,Cuatrimestre 1,Mercadotecnia
UT Altamira,Lic. En Negocios Y Mercadotecnia,2,Cuatrimestre 2,Comportamiento del Consumidor
UT Altamira,Lic. En Negocios Y Mercadotecnia,2,Cuatrimestre 2,Contabilidad para Negocios
UT Altamira,Lic. En Negocios Y Mercadotecnia,2,Cuatrimestre 2,Economía
UT Altamira,Lic. En Negocios Y Mercadotecnia,2,Cuatrimestre 2,Estadística I
UT Altamira,Lic. En Negocios Y Mercadotecnia,2,Cuatrimestre 2,Habilidades Socioemocionales y Manejo de Conflictos
UT Altamira,Lic. En Negocios Y Mercadotecnia,2,Cuatrimestre 2,Inglés II
UT Altamira,Lic. En Negocios Y Mercadotecnia,2,Cuatrimestre 2,Planeación Estratégica
UT Altamira,Lic. En Negocios Y Mercadotecnia,3,Cuatrimestre 3,Desarrollo del Pensamiento y Toma de Decisiones
UT Altamira,Lic. En Negocios Y Mercadotecnia,3,Cuatrimestre 3,Estadística II
UT Altamira,Lic. En Negocios Y Mercadotecnia,3,Cuatrimestre 3,Estrategias de Producto y Precio
UT Altamira,Lic. En Negocios Y Mercadotecnia,3,Cuatrimestre 3,Inglés III
UT Altamira,Lic. En Negocios Y Mercadotecnia,3,Cuatrimestre 3,Legislación Comercial
UT Altamira,Lic. En Negocios Y Mercadotecnia,3,Cuatrimestre 3,Proyecto Integrador I
UT Altamira,Lic. En Negocios Y Mercadotecnia,3,Cuatrimestre 3,Sistema de Investigación de Mercados I
UT Altamira,Lic. En Negocios Y Mercadotecnia,4,Cuatrimestre 4,Administración del Tiempo
UT Altamira,Lic. En Negocios Y Mercadotecnia,4,Cuatrimestre 4,Diseño Digital y Multimedia
UT Altamira,Lic. En Negocios Y Mercadotecnia,4,Cuatrimestre 4,Gestión de Ventas
UT Altamira,Lic. En Negocios Y Mercadotecnia,4,Cuatrimestre 4,Inglés IV
UT Altamira,Lic. En Negocios Y Mercadotecnia,4,Cuatrimestre 4,Mezcla Promocional
UT Altamira,Lic. En Negocios Y Mercadotecnia,4,Cuatrimestre 4,Sistema de Investigación de Mercados II
UT Altamira,Lic. En Negocios Y Mercadotecnia,4,Cuatrimestre 4,Ética Profesional
UT Altamira,Lic. En Negocios Y Mercadotecnia,5,Cuatrimestre 5,Inglés V
UT Altamira,Lic. En Negocios Y Mercadotecnia,5,Cuatrimestre 5,Liderazgo de Equipos de Alto Desempeño
UT Altamira,Lic. En Negocios Y Mercadotecnia,5,Cuatrimestre 5,Logística y Distribución
UT Altamira,Lic. En Negocios Y Mercadotecnia,5,Cuatrimestre 5,Mercadotecnia Digital I
UT Altamira,Lic. En Negocios Y Mercadotecnia,5,Cuatrimestre 5,Mercadotecnia Estratégica
UT Altamira,Lic. En Negocios Y Mercadotecnia,5,Cuatrimestre 5,Mercadotecnia de Servicios
UT Altamira,Lic. En Negocios Y Mercadotecnia,5,Cuatrimestre 5,Proyecto Integrador II
UT Altamira,Lic. En Negocios Y Mercadotecnia,6,VI (Estadía TSU),ESTADÍA TSU EN MERCADOTECNIA
UT Altamira,Lic. En Negocios Y Mercadotecnia,7,Cuatrimestre 7,Desarrollo de Nuevos Productos
UT Altamira,Lic. En Negocios Y Mercadotecnia,7,Cuatrimestre 7,Estadística Aplicada a los Negocios
UT Altamira,Lic. En Negocios Y Mercadotecnia,7,Cuatrimestre 7,Habilidades Gerenciales
UT Altamira,Lic. En Negocios Y Mercadotecnia,7,Cuatrimestre 7,Inglés VI
UT Altamira,Lic. En Negocios Y Mercadotecnia,7,Cuatrimestre 7,Inteligencia de Mercados
UT Altamira,Lic. En Negocios Y Mercadotecnia,7,Cuatrimestre 7,Mercadotecnia Internacional
UT Altamira,Lic. En Negocios Y Mercadotecnia,7,Cuatrimestre 7,Planeación y Organización del Trabajo
UT Altamira,Lic. En Negocios Y Mercadotecnia,7,Cuatrimestre 7,Tendencias del Mercado y Consumidor Global
UT Altamira,Lic. En Negocios Y Mercadotecnia,8,Cuatrimestre 8,Administración de la Producción
UT Altamira,Lic. En Negocios Y Mercadotecnia,8,Cuatrimestre 8,Gestión de la Calidad
UT Altamira,Lic. En Negocios Y Mercadotecnia,8,Cuatrimestre 8,Gestión del Talento Humano
UT Altamira,Lic. En Negocios Y Mercadotecnia,8,Cuatrimestre 8,Inglés VII
UT Altamira,Lic. En Negocios Y Mercadotecnia,8,Cuatrimestre 8,Inteligencia Financiera
UT Altamira,Lic. En Negocios Y Mercadotecnia,8,Cuatrimestre 8,Mercadotecnia Digital II
UT Altamira,Lic. En Negocios Y Mercadotecnia,8,Cuatrimestre 8,Plan de Negocios
UT Altamira,Lic. En Negocios Y Mercadotecnia,9,Cuatrimestre 9,Cadena de Suministro
UT Altamira,Lic. En Negocios Y Mercadotecnia,9,Cuatrimestre 9,Comunicación Integral de la Mercadotecnia
UT Altamira,Lic. En Negocios Y Mercadotecnia,9,Cuatrimestre 9,Cultura Emprendedora
UT Altamira,Lic. En Negocios Y Mercadotecnia,9,Cuatrimestre 9,Derecho Corporativo
UT Altamira,Lic. En Negocios Y Mercadotecnia,9,Cuatrimestre 9,Inglés VIII
UT Altamira,Lic. En Negocios Y Mercadotecnia,9,Cuatrimestre 9,Proyecto Integrador III
UT Altamira,Lic. En Negocios Y Mercadotecnia,10,X (Estadía Ingeniería),ESTADÍA LICENCIATURA EN NEGOCIOS Y MERCADOTECNIA
UT Matamoros,Ing. En Mecatrónica (Robótica),1,Cuatrimestre 1,Comunicación y Habilidades Digitales
UT Matamoros,Ing. En Mecatrónica (Robótica),1,Cuatrimestre 1,Desarrollo Humano y Valores
UT Matamoros,Ing. En Mecatrónica (Robótica),1,Cuatrimestre 1,Fundamentos Matemáticos
UT Matamoros,Ing. En Mecatrónica (Robótica),1,Cuatrimestre 1,Inglés I
UT Matamoros,Ing. En Mecatrónica (Robótica),1,Cuatrimestre 1,Metodología de la Programación
UT Matamoros,Ing. En Mecatrónica (Robótica),1,Cuatrimestre 1,Metrología
UT Matamoros,Ing. En Mecatrónica (Robótica),1,Cuatrimestre 1,Procesos Industriales
UT Matamoros,Ing. En Mecatrónica (Robótica),2,Cuatrimestre 2,Circuitos Eléctricos
UT Matamoros,Ing. En Mecatrónica (Robótica),2,Cuatrimestre 2,Cálculo Diferencial
UT Matamoros,Ing. En Mecatrónica (Robótica),2,Cuatrimestre 2,Dibujo para Ingeniería
UT Matamoros,Ing. En Mecatrónica (Robótica),2,Cuatrimestre 2,Física
UT Matamoros,Ing. En Mecatrónica (Robótica),2,Cuatrimestre 2,Habilidades Socioemocionales y Manejo de Conflictos
UT Matamoros,Ing. En Mecatrónica (Robótica),2,Cuatrimestre 2,Inglés II
UT Matamoros,Ing. En Mecatrónica (Robótica),2,Cuatrimestre 2,Probabilidad y Estadística
UT Matamoros,Ing. En Mecatrónica (Robótica),3,Cuatrimestre 3,Cálculo Integral
UT Matamoros,Ing. En Mecatrónica (Robótica),3,Cuatrimestre 3,Desarrollo del Pensamiento y Toma de Decisiones
UT Matamoros,Ing. En Mecatrónica (Robótica),3,Cuatrimestre 3,Electrónica Analógica y de Potencia
UT Matamoros,Ing. En Mecatrónica (Robótica),3,Cuatrimestre 3,Electrónica Digital
UT Matamoros,Ing. En Mecatrónica (Robótica),3,Cuatrimestre 3,Elementos Mecánicos
UT Matamoros,Ing. En Mecatrónica (Robótica),3,Cuatrimestre 3,Inglés III
UT Matamoros,Ing. En Mecatrónica (Robótica),3,Cuatrimestre 3,Proyecto Integrador I
UT Matamoros,Ing. En Mecatrónica (Robótica),4,Cuatrimestre 4,Cálculo de Varias Variables
UT Matamoros,Ing. En Mecatrónica (Robótica),4,Cuatrimestre 4,Estructura y Propiedades de los Materiales
UT Matamoros,Ing. En Mecatrónica (Robótica),4,Cuatrimestre 4,Fundamentos de Cinemática
UT Matamoros,Ing. En Mecatrónica (Robótica),4,Cuatrimestre 4,Inglés IV
UT Matamoros,Ing. En Mecatrónica (Robótica),4,Cuatrimestre 4,Introducción a la Robótica Industrial
UT Matamoros,Ing. En Mecatrónica (Robótica),4,Cuatrimestre 4,Seguridad en Celdas Robóticas
UT Matamoros,Ing. En Mecatrónica (Robótica),4,Cuatrimestre 4,Ética Profesional
UT Matamoros,Ing. En Mecatrónica (Robótica),5,Cuatrimestre 5,Ecuaciones Diferenciales
UT Matamoros,Ing. En Mecatrónica (Robótica),5,Cuatrimestre 5,Fundamentos de Programación de Robots
UT Matamoros,Ing. En Mecatrónica (Robótica),5,Cuatrimestre 5,Inglés V
UT Matamoros,Ing. En Mecatrónica (Robótica),5,Cuatrimestre 5,Introducción a los Sistemas de Visión
UT Matamoros,Ing. En Mecatrónica (Robótica),5,Cuatrimestre 5,Liderazgo de Equipos de Alto Desempeño
UT Matamoros,Ing. En Mecatrónica (Robótica),5,Cuatrimestre 5,Mantenimiento a Sistemas Robóticos
UT Matamoros,Ing. En Mecatrónica (Robótica),5,Cuatrimestre 5,Proyecto Integrador II
UT Matamoros,Ing. En Mecatrónica (Robótica),6,VI (Estadía TSU),ESTADÍA TSU EN ROBÓTICA (600 hrs)
UT Matamoros,Ing. En Mecatrónica (Robótica),7,Cuatrimestre 7,Análisis de Mecanismos
UT Matamoros,Ing. En Mecatrónica (Robótica),7,Cuatrimestre 7,Cinemática y Dinámica de Robots
UT Matamoros,Ing. En Mecatrónica (Robótica),7,Cuatrimestre 7,Habilidades Gerenciales
UT Matamoros,Ing. En Mecatrónica (Robótica),7,Cuatrimestre 7,Inglés VI
UT Matamoros,Ing. En Mecatrónica (Robótica),7,Cuatrimestre 7,Instrumentación Virtual
UT Matamoros,Ing. En Mecatrónica (Robótica),7,Cuatrimestre 7,Modelado y Simulación de Sistemas
UT Matamoros,Ing. En Mecatrónica (Robótica),7,Cuatrimestre 7,Sistemas Embebidos
UT Matamoros,Ing. En Mecatrónica (Robótica),8,Cuatrimestre 8,Diseño Asistido por Computadora
UT Matamoros,Ing. En Mecatrónica (Robótica),8,Cuatrimestre 8,Diseño Mecánico
UT Matamoros,Ing. En Mecatrónica (Robótica),8,Cuatrimestre 8,Diseño de Sistemas Mecatrónicos
UT Matamoros,Ing. En Mecatrónica (Robótica),8,Cuatrimestre 8,Ingeniería de Control
UT Matamoros,Ing. En Mecatrónica (Robótica),8,Cuatrimestre 8,Inglés VII
UT Matamoros,Ing. En Mecatrónica (Robótica),8,Cuatrimestre 8,Programación de Robots Industriales
UT Matamoros,Ing. En Mecatrónica (Robótica),8,Cuatrimestre 8,Sistemas CAM CNC
UT Matamoros,Ing. En Mecatrónica (Robótica),9,Cuatrimestre 9,Administración de Mantenimiento
UT Matamoros,Ing. En Mecatrónica (Robótica),9,Cuatrimestre 9,Control Avanzado
UT Matamoros,Ing. En Mecatrónica (Robótica),9,Cuatrimestre 9,Ingeniería Asistida por Computadora
UT Matamoros,Ing. En Mecatrónica (Robótica),9,Cuatrimestre 9,Inglés VIII
UT Matamoros,Ing. En Mecatrónica (Robótica),9,Cuatrimestre 9,Proyecto Integrador III
UT Matamoros,Ing. En Mecatrónica (Robótica),9,Cuatrimestre 9,Sistemas Eléctricos Industriales
UT Matamoros,Ing. En Mecatrónica (Robótica),9,Cuatrimestre 9,Sistemas de Manufactura Flexible
UT Matamoros,Ing. En Mecatrónica (Robótica),10,X (Estadía Ingeniería),ESTADÍA INGENIERÍA MECATRÓNICA (600 hrs)
UT Matamoros,Ing. En Ti (Ia),1,Cuatrimestre 1,Comunicación y Habilidades Digitales
UT Matamoros,Ing. En Ti (Ia),1,Cuatrimestre 1,Desarrollo Humano y Valores
UT Matamoros,Ing. En Ti (Ia),1,Cuatrimestre 1,Fundamentos Matemáticos
UT Matamoros,Ing. En Ti (Ia),1,Cuatrimestre 1,Fundamentos de Programación
UT Matamoros,Ing. En Ti (Ia),1,Cuatrimestre 1,Fundamentos de Redes
UT Matamoros,Ing. En Ti (Ia),1,Cuatrimestre 1,Física
UT Matamoros,Ing. En Ti (Ia),1,Cuatrimestre 1,Inglés I
UT Matamoros,Ing. En Ti (Ia),2,Cuatrimestre 2,Conmutación y Enrutamiento de Redes
UT Matamoros,Ing. En Ti (Ia),2,Cuatrimestre 2,Cálculo Diferencial
UT Matamoros,Ing. En Ti (Ia),2,Cuatrimestre 2,Habilidades Socioemocionales y Manejo de Conflictos
UT Matamoros,Ing. En Ti (Ia),2,Cuatrimestre 2,Inglés II
UT Matamoros,Ing. En Ti (Ia),2,Cuatrimestre 2,Probabilidad y Estadística
UT Matamoros,Ing. En Ti (Ia),2,Cuatrimestre 2,Programación Estructurada
UT Matamoros,Ing. En Ti (Ia),2,Cuatrimestre 2,Sistemas Operativos
UT Matamoros,Ing. En Ti (Ia),3,Cuatrimestre 3,Base de Datos
UT Matamoros,Ing. En Ti (Ia),3,Cuatrimestre 3,Cálculo Integral
UT Matamoros,Ing. En Ti (Ia),3,Cuatrimestre 3,Desarrollo del Pensamiento y Toma de Decisiones
UT Matamoros,Ing. En Ti (Ia),3,Cuatrimestre 3,Inglés III
UT Matamoros,Ing. En Ti (Ia),3,Cuatrimestre 3,Programación Orientada a Objetos
UT Matamoros,Ing. En Ti (Ia),3,Cuatrimestre 3,Proyecto Integrador I
UT Matamoros,Ing. En Ti (Ia),3,Cuatrimestre 3,Tópicos de Calidad para el Diseño de Software
UT Matamoros,Ing. En Ti (Ia),4,Cuatrimestre 4,Aprendizaje Profundo Deep Learning
UT Matamoros,Ing. En Ti (Ia),4,Cuatrimestre 4,Cálculo de Varias Variables
UT Matamoros,Ing. En Ti (Ia),4,Cuatrimestre 4,Inglés IV
UT Matamoros,Ing. En Ti (Ia),4,Cuatrimestre 4,Metodología No Code
UT Matamoros,Ing. En Ti (Ia),4,Cuatrimestre 4,Sistemas Embebidos
UT Matamoros,Ing. En Ti (Ia),4,Cuatrimestre 4,Sistemas de Optimización Inteligente
UT Matamoros,Ing. En Ti (Ia),4,Cuatrimestre 4,Ética Profesional
UT Matamoros,Ing. En Ti (Ia),5,Cuatrimestre 5,Aprendizaje de Máquina
UT Matamoros,Ing. En Ti (Ia),5,Cuatrimestre 5,Ecuaciones Diferenciales
UT Matamoros,Ing. En Ti (Ia),5,Cuatrimestre 5,Fundamentos de Visión por Computadora
UT Matamoros,Ing. En Ti (Ia),5,Cuatrimestre 5,Inglés V
UT Matamoros,Ing. En Ti (Ia),5,Cuatrimestre 5,Liderazgo de Equipos de Alto Desempeño
UT Matamoros,Ing. En Ti (Ia),5,Cuatrimestre 5,Minería de Datos
UT Matamoros,Ing. En Ti (Ia),5,Cuatrimestre 5,Proyecto Integrador II
UT Matamoros,Ing. En Ti (Ia),6,VI (Estadía TSU),ESTADÍA TSU EN INTELIGENCIA ARTIFICIAL (600 hrs)
UT Matamoros,Ing. En Ti (Ia),7,Cuatrimestre 7,Formulación de Proyectos de Tecnología
UT Matamoros,Ing. En Ti (Ia),7,Cuatrimestre 7,Fundamentos de Inteligencia Artificial
UT Matamoros,Ing. En Ti (Ia),7,Cuatrimestre 7,Habilidades Gerenciales
UT Matamoros,Ing. En Ti (Ia),7,Cuatrimestre 7,Inglés VI
UT Matamoros,Ing. En Ti (Ia),7,Cuatrimestre 7,Optativa I
UT Matamoros,Ing. En Ti (Ia),7,Cuatrimestre 7,Seguridad Informática
UT Matamoros,Ing. En Ti (Ia),7,Cuatrimestre 7,Ética y Legislación en Tecnologías de la Información
UT Matamoros,Ing. En Ti (Ia),8,Cuatrimestre 8,Administración de Servidores
UT Matamoros,Ing. En Ti (Ia),8,Cuatrimestre 8,Electrónica Digital
UT Matamoros,Ing. En Ti (Ia),8,Cuatrimestre 8,Gestión de Proyectos de Tecnología
UT Matamoros,Ing. En Ti (Ia),8,Cuatrimestre 8,Informática Forense
UT Matamoros,Ing. En Ti (Ia),8,Cuatrimestre 8,Inglés VII
UT Matamoros,Ing. En Ti (Ia),8,Cuatrimestre 8,Optativa II
UT Matamoros,Ing. En Ti (Ia),8,Cuatrimestre 8,Programación para Inteligencia Artificial
UT Matamoros,Ing. En Ti (Ia),9,Cuatrimestre 9,Ciencia de Datos
UT Matamoros,Ing. En Ti (Ia),9,Cuatrimestre 9,Evaluación de Proyectos de Tecnología
UT Matamoros,Ing. En Ti (Ia),9,Cuatrimestre 9,Inglés VIII
UT Matamoros,Ing. En Ti (Ia),9,Cuatrimestre 9,Internet de las Cosas
UT Matamoros,Ing. En Ti (Ia),9,Cuatrimestre 9,Optativa III
UT Matamoros,Ing. En Ti (Ia),9,Cuatrimestre 9,Proyecto Integrador III
UT Matamoros,Ing. En Ti (Ia),9,Cuatrimestre 9,Tecnologías Disruptivas
UT Matamoros,Ing. En Ti (Ia),10,X (Estadía Ingeniería),ESTADÍA INGENIERÍA EN TI E INNOVACIÓN DIGITAL (600 hrs)
UT Matamoros,Ing. Industrial (Moldeo Plásticos),1,Cuatrimestre 1,Comunicación y Habilidades Digitales
UT Matamoros,Ing. Industrial (Moldeo Plásticos),1,Cuatrimestre 1,Desarrollo Humano y Valores
UT Matamoros,Ing. Industrial (Moldeo Plásticos),1,Cuatrimestre 1,Dibujo Industrial
UT Matamoros,Ing. Industrial (Moldeo Plásticos),1,Cuatrimestre 1,Fundamentos Matemáticos
UT Matamoros,Ing. Industrial (Moldeo Plásticos),1,Cuatrimestre 1,Inglés I
UT Matamoros,Ing. Industrial (Moldeo Plásticos),1,Cuatrimestre 1,Metrología
UT Matamoros,Ing. Industrial (Moldeo Plásticos),1,Cuatrimestre 1,Química Básica
UT Matamoros,Ing. Industrial (Moldeo Plásticos),2,Cuatrimestre 2,Costos de Producción
UT Matamoros,Ing. Industrial (Moldeo Plásticos),2,Cuatrimestre 2,Cálculo Diferencial
UT Matamoros,Ing. Industrial (Moldeo Plásticos),2,Cuatrimestre 2,Física
UT Matamoros,Ing. Industrial (Moldeo Plásticos),2,Cuatrimestre 2,Habilidades Socioemocionales y Manejo de Conflictos
UT Matamoros,Ing. Industrial (Moldeo Plásticos),2,Cuatrimestre 2,Inglés II
UT Matamoros,Ing. Industrial (Moldeo Plásticos),2,Cuatrimestre 2,Probabilidad y Estadística
UT Matamoros,Ing. Industrial (Moldeo Plásticos),2,Cuatrimestre 2,"Seguridad, Higiene y Medio Ambiente"
UT Matamoros,Ing. Industrial (Moldeo Plásticos),3,Cuatrimestre 3,Control de Calidad
UT Matamoros,Ing. Industrial (Moldeo Plásticos),3,Cuatrimestre 3,Cálculo Integral
UT Matamoros,Ing. Industrial (Moldeo Plásticos),3,Cuatrimestre 3,Desarrollo del Pensamiento y Toma de Decisiones
UT Matamoros,Ing. Industrial (Moldeo Plásticos),3,Cuatrimestre 3,Estudio del Trabajo
UT Matamoros,Ing. Industrial (Moldeo Plásticos),3,Cuatrimestre 3,Inglés III
UT Matamoros,Ing. Industrial (Moldeo Plásticos),3,Cuatrimestre 3,Procesos de Fabricación
UT Matamoros,Ing. Industrial (Moldeo Plásticos),3,Cuatrimestre 3,Proyecto Integrador I
UT Matamoros,Ing. Industrial (Moldeo Plásticos),4,Cuatrimestre 4,Caracterización de Polímeros
UT Matamoros,Ing. Industrial (Moldeo Plásticos),4,Cuatrimestre 4,Cálculo de Varias Variables
UT Matamoros,Ing. Industrial (Moldeo Plásticos),4,Cuatrimestre 4,Diseño de Productos Plásticos
UT Matamoros,Ing. Industrial (Moldeo Plásticos),4,Cuatrimestre 4,Estructura y Propiedad de los Polímeros y los Aceros
UT Matamoros,Ing. Industrial (Moldeo Plásticos),4,Cuatrimestre 4,Inglés IV
UT Matamoros,Ing. Industrial (Moldeo Plásticos),4,Cuatrimestre 4,Transformación de Productos Plásticos I 4.0
UT Matamoros,Ing. Industrial (Moldeo Plásticos),4,Cuatrimestre 4,Ética Profesional
UT Matamoros,Ing. Industrial (Moldeo Plásticos),5,Cuatrimestre 5,Ecuaciones Diferenciales
UT Matamoros,Ing. Industrial (Moldeo Plásticos),5,Cuatrimestre 5,Inglés V
UT Matamoros,Ing. Industrial (Moldeo Plásticos),5,Cuatrimestre 5,Liderazgo de Equipos de Alto Desempeño
UT Matamoros,Ing. Industrial (Moldeo Plásticos),5,Cuatrimestre 5,Moldes
UT Matamoros,Ing. Industrial (Moldeo Plásticos),5,Cuatrimestre 5,Proyecto Integrador II
UT Matamoros,Ing. Industrial (Moldeo Plásticos),5,Cuatrimestre 5,Reciclado de Polímeros
UT Matamoros,Ing. Industrial (Moldeo Plásticos),5,Cuatrimestre 5,Transformación de Productos Plásticos II 4.0
UT Matamoros,Ing. Industrial (Moldeo Plásticos),6,VI (Estadía TSU),ESTADÍA TSU EN MOLDEO DE PLÁSTICOS (600 hrs)
UT Matamoros,Ing. Industrial (Moldeo Plásticos),7,Cuatrimestre 7,Automatización y Control de Procesos
UT Matamoros,Ing. Industrial (Moldeo Plásticos),7,Cuatrimestre 7,Habilidades Gerenciales
UT Matamoros,Ing. Industrial (Moldeo Plásticos),7,Cuatrimestre 7,Ingeniería de Planta
UT Matamoros,Ing. Industrial (Moldeo Plásticos),7,Cuatrimestre 7,Inglés VI
UT Matamoros,Ing. Industrial (Moldeo Plásticos),7,Cuatrimestre 7,Investigación de Operaciones I
UT Matamoros,Ing. Industrial (Moldeo Plásticos),7,Cuatrimestre 7,Manufactura Esbelta
UT Matamoros,Ing. Industrial (Moldeo Plásticos),7,Cuatrimestre 7,Tópicos de Nuevas Tecnologías de Manufactura
UT Matamoros,Ing. Industrial (Moldeo Plásticos),8,Cuatrimestre 8,6 Sigma
UT Matamoros,Ing. Industrial (Moldeo Plásticos),8,Cuatrimestre 8,Diseño del Producto
UT Matamoros,Ing. Industrial (Moldeo Plásticos),8,Cuatrimestre 8,Evaluación y Administración de Proyectos
UT Matamoros,Ing. Industrial (Moldeo Plásticos),8,Cuatrimestre 8,Inglés VII
UT Matamoros,Ing. Industrial (Moldeo Plásticos),8,Cuatrimestre 8,Investigación de Operaciones II
UT Matamoros,Ing. Industrial (Moldeo Plásticos),8,Cuatrimestre 8,Logística
UT Matamoros,Ing. Industrial (Moldeo Plásticos),8,Cuatrimestre 8,Sistemas de Gestión de la Calidad
UT Matamoros,Ing. Industrial (Moldeo Plásticos),9,Cuatrimestre 9,Administración Industrial y de Servicios
UT Matamoros,Ing. Industrial (Moldeo Plásticos),9,Cuatrimestre 9,Administración del Mantenimiento
UT Matamoros,Ing. Industrial (Moldeo Plásticos),9,Cuatrimestre 9,Inglés VIII
UT Matamoros,Ing. Industrial (Moldeo Plásticos),9,Cuatrimestre 9,Legislación Industrial
UT Matamoros,Ing. Industrial (Moldeo Plásticos),9,Cuatrimestre 9,Manufactura Integrada por Computadora
UT Matamoros,Ing. Industrial (Moldeo Plásticos),9,Cuatrimestre 9,Proyecto Integrador III
UT Matamoros,Ing. Industrial (Moldeo Plásticos),9,Cuatrimestre 9,Simulación de Procesos
UT Matamoros,Ing. Industrial (Moldeo Plásticos),10,X (Estadía Ingeniería),ESTADÍA LICENCIATURA EN INGENIERÍA INDUSTRIAL (600 hrs)
UT Matamoros,Lic. En Administración,1,Cuatrimestre 1,Comunicación y Habilidades Digitales
UT Matamoros,Lic. En Administración,1,Cuatrimestre 1,Contabilidad I
UT Matamoros,Lic. En Administración,1,Cuatrimestre 1,Desarrollo Humano y Valores
UT Matamoros,Lic. En Administración,1,Cuatrimestre 1,Fundamentos Matemáticos
UT Matamoros,Lic. En Administración,1,Cuatrimestre 1,Fundamentos de Administración
UT Matamoros,Lic. En Administración,1,Cuatrimestre 1,Inglés I
UT Matamoros,Lic. En Administración,1,Cuatrimestre 1,Marco Legal de las Organizaciones
UT Matamoros,Lic. En Administración,2,Cuatrimestre 2,Contabilidad II
UT Matamoros,Lic. En Administración,2,Cuatrimestre 2,Derecho Corporativo
UT Matamoros,Lic. En Administración,2,Cuatrimestre 2,Habilidades Socioemocionales y Manejo de Conflictos
UT Matamoros,Lic. En Administración,2,Cuatrimestre 2,Inglés II
UT Matamoros,Lic. En Administración,2,Cuatrimestre 2,Microeconomía
UT Matamoros,Lic. En Administración,2,Cuatrimestre 2,Planeación Estratégica
UT Matamoros,Lic. En Administración,2,Cuatrimestre 2,Probabilidad y Estadística
UT Matamoros,Lic. En Administración,3,Cuatrimestre 3,Análisis Financiero
UT Matamoros,Lic. En Administración,3,Cuatrimestre 3,Desarrollo del Pensamiento y Toma de Decisiones
UT Matamoros,Lic. En Administración,3,Cuatrimestre 3,Fundamentos de Calidad
UT Matamoros,Lic. En Administración,3,Cuatrimestre 3,Fundamentos de Mercadotecnia
UT Matamoros,Lic. En Administración,3,Cuatrimestre 3,Inglés III
UT Matamoros,Lic. En Administración,3,Cuatrimestre 3,Macroeconomía
UT Matamoros,Lic. En Administración,3,Cuatrimestre 3,Proyecto Integrador I
UT Matamoros,Lic. En Administración,4,Cuatrimestre 4,Administración de Proyectos I
UT Matamoros,Lic. En Administración,4,Cuatrimestre 4,Estudio Técnico y Organizacional
UT Matamoros,Lic. En Administración,4,Cuatrimestre 4,Estudio de Mercado
UT Matamoros,Lic. En Administración,4,Cuatrimestre 4,Fundamentos de Sistemas de Producción
UT Matamoros,Lic. En Administración,4,Cuatrimestre 4,Inglés IV
UT Matamoros,Lic. En Administración,4,Cuatrimestre 4,Innovación y Emprendimiento
UT Matamoros,Lic. En Administración,4,Cuatrimestre 4,Ética Profesional
UT Matamoros,Lic. En Administración,5,Cuatrimestre 5,Administración de Proyectos II
UT Matamoros,Lic. En Administración,5,Cuatrimestre 5,Diagnóstico Local y Regional
UT Matamoros,Lic. En Administración,5,Cuatrimestre 5,Estudio Financiero
UT Matamoros,Lic. En Administración,5,Cuatrimestre 5,Evaluación Financiera de Proyectos
UT Matamoros,Lic. En Administración,5,Cuatrimestre 5,Inglés V
UT Matamoros,Lic. En Administración,5,Cuatrimestre 5,Liderazgo de Equipos de Alto Desempeño
UT Matamoros,Lic. En Administración,5,Cuatrimestre 5,Proyecto Integrador II
UT Matamoros,Lic. En Administración,6,VI (Estadía TSU),ESTADÍA TSU EN EMPRENDIMIENTO (600 hrs)
UT Matamoros,Lic. En Administración,7,Cuatrimestre 7,Administración de la Producción
UT Matamoros,Lic. En Administración,7,Cuatrimestre 7,Gestión del Talento Humano
UT Matamoros,Lic. En Administración,7,Cuatrimestre 7,Habilidades Gerenciales
UT Matamoros,Lic. En Administración,7,Cuatrimestre 7,Inglés VI
UT Matamoros,Lic. En Administración,7,Cuatrimestre 7,Mercadotecnia Estratégica
UT Matamoros,Lic. En Administración,7,Cuatrimestre 7,Proyectos de Innovación Sostenibles
UT Matamoros,Lic. En Administración,7,Cuatrimestre 7,Tecnologías Aplicadas a los Negocios
UT Matamoros,Lic. En Administración,8,Cuatrimestre 8,Administración y Gestión de la Calidad
UT Matamoros,Lic. En Administración,8,Cuatrimestre 8,Dirección Estratégica
UT Matamoros,Lic. En Administración,8,Cuatrimestre 8,Evaluación en el Desempeño del Capital Humano
UT Matamoros,Lic. En Administración,8,Cuatrimestre 8,Inglés VII
UT Matamoros,Lic. En Administración,8,Cuatrimestre 8,Investigación de Operaciones
UT Matamoros,Lic. En Administración,8,Cuatrimestre 8,Modelos de Negocios
UT Matamoros,Lic. En Administración,8,Cuatrimestre 8,Sistemas de la Información Aplicados en la Organización
UT Matamoros,Lic. En Administración,9,Cuatrimestre 9,Comercio y Logística Internacional
UT Matamoros,Lic. En Administración,9,Cuatrimestre 9,Consultoría Empresarial
UT Matamoros,Lic. En Administración,9,Cuatrimestre 9,Desarrollo en Proyectos de Emprendimiento Social
UT Matamoros,Lic. En Administración,9,Cuatrimestre 9,Finanzas Corporativas
UT Matamoros,Lic. En Administración,9,Cuatrimestre 9,Gestión de la Propiedad Intelectual
UT Matamoros,Lic. En Administración,9,Cuatrimestre 9,Inglés VIII
UT Matamoros,Lic. En Administración,9,Cuatrimestre 9,Proyecto Integrador III
UT Matamoros,Lic. En Administración,10,X (Estadía Ingeniería),ESTADÍA LICENCIATURA EN ADMINISTRACIÓN (600 hrs)
UT Matamoros - Modalidad BIS,Ing. En Logística Internacional (Bis),0,0 (Inmersión/Propedéutico),Cuatrimestre de Inmersión
UT Matamoros - Modalidad BIS,Ing. En Logística Internacional (Bis),0,0 (Inmersión/Propedéutico),Desarrollo Sostenible
UT Matamoros - Modalidad BIS,Ing. En Logística Internacional (Bis),0,0 (Inmersión/Propedéutico),Desarrollo de Competencias Globales
UT Matamoros - Modalidad BIS,Ing. En Logística Internacional (Bis),0,0 (Inmersión/Propedéutico),Introducción a la Lengua Inglesa
UT Matamoros - Modalidad BIS,Ing. En Logística Internacional (Bis),0,0 (Inmersión/Propedéutico),Tutorías BIS
UT Matamoros - Modalidad BIS,Ing. En Logística Internacional (Bis),1,Cuatrimestre 1,Comunicación y Habilidades Digitales
UT Matamoros - Modalidad BIS,Ing. En Logística Internacional (Bis),1,Cuatrimestre 1,Desarrollo Humano y Valores
UT Matamoros - Modalidad BIS,Ing. En Logística Internacional (Bis),1,Cuatrimestre 1,Economía Internacional
UT Matamoros - Modalidad BIS,Ing. En Logística Internacional (Bis),1,Cuatrimestre 1,Estructura Organizacional
UT Matamoros - Modalidad BIS,Ing. En Logística Internacional (Bis),1,Cuatrimestre 1,Fundamentos Matemáticos
UT Matamoros - Modalidad BIS,Ing. En Logística Internacional (Bis),1,Cuatrimestre 1,Inglés I
UT Matamoros - Modalidad BIS,Ing. En Logística Internacional (Bis),1,Cuatrimestre 1,Normatividad Aplicada al Comercio Exterior I
UT Matamoros - Modalidad BIS,Ing. En Logística Internacional (Bis),2,Cuatrimestre 2,Clasificación Arancelaria I
UT Matamoros - Modalidad BIS,Ing. En Logística Internacional (Bis),2,Cuatrimestre 2,Cálculo Diferencial
UT Matamoros - Modalidad BIS,Ing. En Logística Internacional (Bis),2,Cuatrimestre 2,Fundamentos de Logística
UT Matamoros - Modalidad BIS,Ing. En Logística Internacional (Bis),2,Cuatrimestre 2,Habilidades Socioemocionales y Manejo de Conflictos
UT Matamoros - Modalidad BIS,Ing. En Logística Internacional (Bis),2,Cuatrimestre 2,Inglés II
UT Matamoros - Modalidad BIS,Ing. En Logística Internacional (Bis),2,Cuatrimestre 2,Mercadotecnia Internacional
UT Matamoros - Modalidad BIS,Ing. En Logística Internacional (Bis),2,Cuatrimestre 2,Normatividad Aplicada al Comercio Exterior II
UT Matamoros - Modalidad BIS,Ing. En Logística Internacional (Bis),3,Cuatrimestre 3,Administración de Ventas
UT Matamoros - Modalidad BIS,Ing. En Logística Internacional (Bis),3,Cuatrimestre 3,Clasificación Arancelaria II
UT Matamoros - Modalidad BIS,Ing. En Logística Internacional (Bis),3,Cuatrimestre 3,Cálculo Integral
UT Matamoros - Modalidad BIS,Ing. En Logística Internacional (Bis),3,Cuatrimestre 3,Desarrollo del Pensamiento y Toma de Decisiones
UT Matamoros - Modalidad BIS,Ing. En Logística Internacional (Bis),3,Cuatrimestre 3,Física
UT Matamoros - Modalidad BIS,Ing. En Logística Internacional (Bis),3,Cuatrimestre 3,Inglés III
UT Matamoros - Modalidad BIS,Ing. En Logística Internacional (Bis),3,Cuatrimestre 3,Proyecto Integradora I
UT Matamoros - Modalidad BIS,Ing. En Logística Internacional (Bis),4,Cuatrimestre 4,Clasificación Arancelaria III
UT Matamoros - Modalidad BIS,Ing. En Logística Internacional (Bis),4,Cuatrimestre 4,Cálculo de Varias Variables
UT Matamoros - Modalidad BIS,Ing. En Logística Internacional (Bis),4,Cuatrimestre 4,Inglés IV
UT Matamoros - Modalidad BIS,Ing. En Logística Internacional (Bis),4,Cuatrimestre 4,Presupuestos Logísticos
UT Matamoros - Modalidad BIS,Ing. En Logística Internacional (Bis),4,Cuatrimestre 4,Probabilidad y Estadística
UT Matamoros - Modalidad BIS,Ing. En Logística Internacional (Bis),4,Cuatrimestre 4,Trámites Legales Aplicados
UT Matamoros - Modalidad BIS,Ing. En Logística Internacional (Bis),4,Cuatrimestre 4,Ética Profesional
UT Matamoros - Modalidad BIS,Ing. En Logística Internacional (Bis),5,Cuatrimestre 5,Contribuciones al Comercio Exterior
UT Matamoros - Modalidad BIS,Ing. En Logística Internacional (Bis),5,Cuatrimestre 5,Ecuaciones Diferenciales
UT Matamoros - Modalidad BIS,Ing. En Logística Internacional (Bis),5,Cuatrimestre 5,Inglés V
UT Matamoros - Modalidad BIS,Ing. En Logística Internacional (Bis),5,Cuatrimestre 5,Liderazgo de Equipos de Alto Desempeño
UT Matamoros - Modalidad BIS,Ing. En Logística Internacional (Bis),5,Cuatrimestre 5,Pedimento y su Legislación
UT Matamoros - Modalidad BIS,Ing. En Logística Internacional (Bis),5,Cuatrimestre 5,Proyecto Integrador II
UT Matamoros - Modalidad BIS,Ing. En Logística Internacional (Bis),5,Cuatrimestre 5,Seguimiento Logístico
UT Matamoros - Modalidad BIS,Ing. En Logística Internacional (Bis),6,VI (Estadía TSU),ESTADÍA TSU EN OPERACIONES LOGÍSTICAS Y COMERCIO EXTERIOR (600 hrs)
UT Matamoros - Modalidad BIS,Ing. En Logística Internacional (Bis),7,Cuatrimestre 7,Contabilidad Básica
UT Matamoros - Modalidad BIS,Ing. En Logística Internacional (Bis),7,Cuatrimestre 7,"Envase, Empaque, Embalaje"
UT Matamoros - Modalidad BIS,Ing. En Logística Internacional (Bis),7,Cuatrimestre 7,Gestión de Cadena de Suministro
UT Matamoros - Modalidad BIS,Ing. En Logística Internacional (Bis),7,Cuatrimestre 7,Gestión de Operaciones Aduanera
UT Matamoros - Modalidad BIS,Ing. En Logística Internacional (Bis),7,Cuatrimestre 7,Habilidades Gerenciales
UT Matamoros - Modalidad BIS,Ing. En Logística Internacional (Bis),7,Cuatrimestre 7,Inglés VI
UT Matamoros - Modalidad BIS,Ing. En Logística Internacional (Bis),7,Cuatrimestre 7,Seguridad en la Cadena de Suministro
UT Matamoros - Modalidad BIS,Ing. En Logística Internacional (Bis),8,Cuatrimestre 8,Administración de Operaciones de Tráfico I
UT Matamoros - Modalidad BIS,Ing. En Logística Internacional (Bis),8,Cuatrimestre 8,Administración de Sistemas Logísticos
UT Matamoros - Modalidad BIS,Ing. En Logística Internacional (Bis),8,Cuatrimestre 8,Cumplimiento Normativo
UT Matamoros - Modalidad BIS,Ing. En Logística Internacional (Bis),8,Cuatrimestre 8,Finanzas Internacionales
UT Matamoros - Modalidad BIS,Ing. En Logística Internacional (Bis),8,Cuatrimestre 8,Inglés VII
UT Matamoros - Modalidad BIS,Ing. En Logística Internacional (Bis),8,Cuatrimestre 8,Investigación de Operaciones
UT Matamoros - Modalidad BIS,Ing. En Logística Internacional (Bis),8,Cuatrimestre 8,Metodología de la Investigación
UT Matamoros - Modalidad BIS,Ing. En Logística Internacional (Bis),9,Cuatrimestre 9,Administración de Operaciones de Tráfico II
UT Matamoros - Modalidad BIS,Ing. En Logística Internacional (Bis),9,Cuatrimestre 9,Administración de Proyectos con Enfoque Sostenible
UT Matamoros - Modalidad BIS,Ing. En Logística Internacional (Bis),9,Cuatrimestre 9,Gestión de la Calidad en la Logística
UT Matamoros - Modalidad BIS,Ing. En Logística Internacional (Bis),9,Cuatrimestre 9,"Infracciones, Sanciones y Medios de Defensa"
UT Matamoros - Modalidad BIS,Ing. En Logística Internacional (Bis),9,Cuatrimestre 9,Inglés VIII
UT Matamoros - Modalidad BIS,Ing. En Logística Internacional (Bis),9,Cuatrimestre 9,Logística de Transporte
UT Matamoros - Modalidad BIS,Ing. En Logística Internacional (Bis),9,Cuatrimestre 9,Proyecto Integrador III
UT Matamoros - Modalidad BIS,Ing. En Logística Internacional (Bis),10,X (Estadía Ingeniería),ESTADÍA INGENIERÍA EN LOGÍSTICA INTERNACIONAL (600 hrs)
UT Matamoros - Modalidad BIS,Ing. En Mantenimiento Industrial (Bis),1,Cuatrimestre 1,Comunicación y Habilidades Digitales
UT Matamoros - Modalidad BIS,Ing. En Mantenimiento Industrial (Bis),1,Cuatrimestre 1,Desarrollo Humano y Valores
UT Matamoros - Modalidad BIS,Ing. En Mantenimiento Industrial (Bis),1,Cuatrimestre 1,Fundamentos Matemáticos
UT Matamoros - Modalidad BIS,Ing. En Mantenimiento Industrial (Bis),1,Cuatrimestre 1,Fundamentos de Mantenimiento
UT Matamoros - Modalidad BIS,Ing. En Mantenimiento Industrial (Bis),1,Cuatrimestre 1,Seguridad Industrial
UT Matamoros - Modalidad BIS,Ing. En Mantenimiento Industrial (Bis),2,Cuatrimestre 2,Cálculo Diferencial
UT Matamoros - Modalidad BIS,Ing. En Mantenimiento Industrial (Bis),2,Cuatrimestre 2,Dibujo Industrial
UT Matamoros - Modalidad BIS,Ing. En Mantenimiento Industrial (Bis),2,Cuatrimestre 2,Habilidades Socioemocionales y Manejo de Conflictos
UT Matamoros - Modalidad BIS,Ing. En Mantenimiento Industrial (Bis),2,Cuatrimestre 2,Probabilidad y Estadística
UT Matamoros - Modalidad BIS,Ing. En Mantenimiento Industrial (Bis),3,Cuatrimestre 3,Desarrollo del Pensamiento y Toma de Decisiones
UT Matamoros - Modalidad BIS,Ing. En Mantenimiento Industrial (Bis),3,Cuatrimestre 3,Física
UT Matamoros - Modalidad BIS,Ing. En Mantenimiento Industrial (Bis),3,Cuatrimestre 3,Gestión del Mantenimiento
UT Matamoros - Modalidad BIS,Ing. En Mantenimiento Industrial (Bis),3,Cuatrimestre 3,Inglés I
UT Matamoros - Modalidad BIS,Ing. En Mantenimiento Industrial (Bis),4,Cuatrimestre 4,Cálculo Integral
UT Matamoros - Modalidad BIS,Ing. En Mantenimiento Industrial (Bis),4,Cuatrimestre 4,Electrónica Analógica
UT Matamoros - Modalidad BIS,Ing. En Mantenimiento Industrial (Bis),4,Cuatrimestre 4,Inglés II
UT Matamoros - Modalidad BIS,Ing. En Mantenimiento Industrial (Bis),4,Cuatrimestre 4,Termodinámica
UT Matamoros - Modalidad BIS,Ing. En Mantenimiento Industrial (Bis),4,Cuatrimestre 4,Ética Profesional
UT Matamoros - Modalidad BIS,Ing. En Mantenimiento Industrial (Bis),5,Cuatrimestre 5,Inglés III
UT Matamoros - Modalidad BIS,Ing. En Mantenimiento Industrial (Bis),5,Cuatrimestre 5,Máquinas y Mecanismos
UT Matamoros - Modalidad BIS,Ing. En Mantenimiento Industrial (Bis),5,Cuatrimestre 5,Proyecto Integrador I
UT Matamoros - Modalidad BIS,Ing. En Mantenimiento Industrial (Bis),5,Cuatrimestre 5,Sistemas Eléctricos
UT Matamoros - Modalidad BIS,Ing. En Mantenimiento Industrial (Bis),6,VI (Estadía TSU),Cálculo de Varias Variables
UT Matamoros - Modalidad BIS,Ing. En Mantenimiento Industrial (Bis),6,VI (Estadía TSU),Electrónica Digital
UT Matamoros - Modalidad BIS,Ing. En Mantenimiento Industrial (Bis),6,VI (Estadía TSU),Inglés IV
UT Matamoros - Modalidad BIS,Ing. En Mantenimiento Industrial (Bis),6,VI (Estadía TSU),Liderazgo de Equipos de Alto Desempeño
UT Matamoros - Modalidad BIS,Ing. En Mantenimiento Industrial (Bis),6,VI (Estadía TSU),Máquinas Eléctricas
UT Matamoros - Modalidad BIS,Ing. En Mantenimiento Industrial (Bis),7,Cuatrimestre 7,Ecuaciones Diferenciales
UT Matamoros - Modalidad BIS,Ing. En Mantenimiento Industrial (Bis),7,Cuatrimestre 7,Inglés V
UT Matamoros - Modalidad BIS,Ing. En Mantenimiento Industrial (Bis),7,Cuatrimestre 7,Sistemas Neumáticos e Hidráulicos
UT Matamoros - Modalidad BIS,Ing. En Mantenimiento Industrial (Bis),7,Cuatrimestre 7,Sistemas Térmicos e Industriales
UT Matamoros - Modalidad BIS,Ing. En Mantenimiento Industrial (Bis),8,Cuatrimestre 8,Automatización y Robótica
UT Matamoros - Modalidad BIS,Ing. En Mantenimiento Industrial (Bis),8,Cuatrimestre 8,Ciencia de los Materiales
UT Matamoros - Modalidad BIS,Ing. En Mantenimiento Industrial (Bis),8,Cuatrimestre 8,Mantenimiento a Procesos de Manufactura
UT Matamoros - Modalidad BIS,Ing. En Mantenimiento Industrial (Bis),8,Cuatrimestre 8,Proyecto Integrador II
UT Matamoros - Modalidad BIS,Ing. En Mantenimiento Industrial (Bis),9,Cuatrimestre 9,ESTADÍA TSU EN MANTENIMIENTO INDUSTRIAL (600 hrs)
UT Matamoros - Modalidad BIS,Ing. En Mantenimiento Industrial (Bis),10,X (Estadía Ingeniería),Admón. Estratégica para Mantenimiento
UT Matamoros - Modalidad BIS,Ing. En Mantenimiento Industrial (Bis),10,X (Estadía Ingeniería),Física para Ingeniería
UT Matamoros - Modalidad BIS,Ing. En Mantenimiento Industrial (Bis),10,X (Estadía Ingeniería),Habilidades Gerenciales
UT Matamoros - Modalidad BIS,Ing. En Mantenimiento Industrial (Bis),10,X (Estadía Ingeniería),Inglés VI
UT Matamoros - Modalidad BIS,Ing. En Mantenimiento Industrial (Bis),10,X (Estadía Ingeniería),Instalaciones Eléctricas
UT Matamoros - Modalidad BIS,Ing. En Mantenimiento Industrial (Bis),10,X (Estadía Ingeniería),Métodos y Sistemas de Trabajo
UT Matamoros - Modalidad BIS,Ing. En Mantenimiento Industrial (Bis),10,X (Estadía Ingeniería),Tribología
UT Matamoros - Modalidad BIS,Ing. En Mantenimiento Industrial (Bis),11,Cuatrimestre 11,Ensayos Destructivos
UT Matamoros - Modalidad BIS,Ing. En Mantenimiento Industrial (Bis),11,Cuatrimestre 11,Ingeniería Económica
UT Matamoros - Modalidad BIS,Ing. En Mantenimiento Industrial (Bis),11,Cuatrimestre 11,Inglés VII
UT Matamoros - Modalidad BIS,Ing. En Mantenimiento Industrial (Bis),11,Cuatrimestre 11,Mantenimiento Predictivo Mecánico
UT Matamoros - Modalidad BIS,Ing. En Mantenimiento Industrial (Bis),11,Cuatrimestre 11,Protocolos de Operación y Mantenimiento
UT Matamoros - Modalidad BIS,Ing. En Mantenimiento Industrial (Bis),11,Cuatrimestre 11,Sistemas Automatizados y Redes Industriales
UT Matamoros - Modalidad BIS,Ing. En Mantenimiento Industrial (Bis),11,Cuatrimestre 11,Técnicas TPM y RCM
UT Matamoros - Modalidad BIS,Ing. En Mantenimiento Industrial (Bis),12,Cuatrimestre 12,Ensayos no Destructivos
UT Matamoros - Modalidad BIS,Ing. En Mantenimiento Industrial (Bis),12,Cuatrimestre 12,Gestión Ambiental
UT Matamoros - Modalidad BIS,Ing. En Mantenimiento Industrial (Bis),12,Cuatrimestre 12,Gestión del Talento Humano
UT Matamoros - Modalidad BIS,Ing. En Mantenimiento Industrial (Bis),12,Cuatrimestre 12,Inglés VIII
UT Matamoros - Modalidad BIS,Ing. En Mantenimiento Industrial (Bis),12,Cuatrimestre 12,Manufactura Asistida por Computadora
UT Matamoros - Modalidad BIS,Ing. En Mantenimiento Industrial (Bis),12,Cuatrimestre 12,Proyecto Integrador III
UT Matamoros - Modalidad BIS,Ing. En Mantenimiento Industrial (Bis),12,Cuatrimestre 12,Visualización y Control de Procesos
UT Matamoros - Modalidad BIS,Ing. En Mantenimiento Industrial (Bis),13,Cuatrimestre 13,ESTADÍA INGENIERÍA EN MANTENIMIENTO INDUSTRIAL (600 hrs)
UT Matamoros - Modalidad BIS,Ing. En Mecatrónica (Bis),0,0 (Inmersión/Propedéutico),Cuatrimestre de Inmersión
UT Matamoros - Modalidad BIS,Ing. En Mecatrónica (Bis),0,0 (Inmersión/Propedéutico),Desarrollo Sostenible
UT Matamoros - Modalidad BIS,Ing. En Mecatrónica (Bis),0,0 (Inmersión/Propedéutico),Desarrollo de Competencias Globales
UT Matamoros - Modalidad BIS,Ing. En Mecatrónica (Bis),0,0 (Inmersión/Propedéutico),Introducción a la Lengua Inglesa
UT Matamoros - Modalidad BIS,Ing. En Mecatrónica (Bis),0,0 (Inmersión/Propedéutico),Tutorías BIS
UT Matamoros - Modalidad BIS,Ing. En Mecatrónica (Bis),1,Cuatrimestre 1,Comunicación y Habilidades Digitales
UT Matamoros - Modalidad BIS,Ing. En Mecatrónica (Bis),1,Cuatrimestre 1,Desarrollo Humano y Valores
UT Matamoros - Modalidad BIS,Ing. En Mecatrónica (Bis),1,Cuatrimestre 1,Fundamentos Matemáticos
UT Matamoros - Modalidad BIS,Ing. En Mecatrónica (Bis),1,Cuatrimestre 1,Inglés I
UT Matamoros - Modalidad BIS,Ing. En Mecatrónica (Bis),1,Cuatrimestre 1,Metodología de la Programación
UT Matamoros - Modalidad BIS,Ing. En Mecatrónica (Bis),1,Cuatrimestre 1,Metrología
UT Matamoros - Modalidad BIS,Ing. En Mecatrónica (Bis),1,Cuatrimestre 1,Procesos Industriales
UT Matamoros - Modalidad BIS,Ing. En Mecatrónica (Bis),2,Cuatrimestre 2,Circuitos Eléctricos
UT Matamoros - Modalidad BIS,Ing. En Mecatrónica (Bis),2,Cuatrimestre 2,Cálculo Diferencial
UT Matamoros - Modalidad BIS,Ing. En Mecatrónica (Bis),2,Cuatrimestre 2,Dibujo para Ingeniería
UT Matamoros - Modalidad BIS,Ing. En Mecatrónica (Bis),2,Cuatrimestre 2,Física
UT Matamoros - Modalidad BIS,Ing. En Mecatrónica (Bis),2,Cuatrimestre 2,Habilidades Socioemocionales y Manejo de Conflictos
UT Matamoros - Modalidad BIS,Ing. En Mecatrónica (Bis),2,Cuatrimestre 2,Inglés II
UT Matamoros - Modalidad BIS,Ing. En Mecatrónica (Bis),2,Cuatrimestre 2,Probabilidad y Estadística
UT Matamoros - Modalidad BIS,Ing. En Mecatrónica (Bis),3,Cuatrimestre 3,Cálculo Integral
UT Matamoros - Modalidad BIS,Ing. En Mecatrónica (Bis),3,Cuatrimestre 3,Desarrollo del Pensamiento y Toma de Decisiones
UT Matamoros - Modalidad BIS,Ing. En Mecatrónica (Bis),3,Cuatrimestre 3,Electrónica Analógica y de Potencia
UT Matamoros - Modalidad BIS,Ing. En Mecatrónica (Bis),3,Cuatrimestre 3,Electrónica Digital
UT Matamoros - Modalidad BIS,Ing. En Mecatrónica (Bis),3,Cuatrimestre 3,Elementos Mecánicos
UT Matamoros - Modalidad BIS,Ing. En Mecatrónica (Bis),3,Cuatrimestre 3,Inglés III
UT Matamoros - Modalidad BIS,Ing. En Mecatrónica (Bis),3,Cuatrimestre 3,Proyecto Integrador I
UT Matamoros - Modalidad BIS,Ing. En Mecatrónica (Bis),4,Cuatrimestre 4,Control de Motores Eléctricos
UT Matamoros - Modalidad BIS,Ing. En Mecatrónica (Bis),4,Cuatrimestre 4,Cálculo de Varias Variables
UT Matamoros - Modalidad BIS,Ing. En Mecatrónica (Bis),4,Cuatrimestre 4,Estructura y Propiedades de los Materiales
UT Matamoros - Modalidad BIS,Ing. En Mecatrónica (Bis),4,Cuatrimestre 4,Inglés IV
UT Matamoros - Modalidad BIS,Ing. En Mecatrónica (Bis),4,Cuatrimestre 4,Instrumentación Industrial
UT Matamoros - Modalidad BIS,Ing. En Mecatrónica (Bis),4,Cuatrimestre 4,Sistemas Neumáticos e Hidráulicos
UT Matamoros - Modalidad BIS,Ing. En Mecatrónica (Bis),4,Cuatrimestre 4,Ética Profesional
UT Matamoros - Modalidad BIS,Ing. En Mecatrónica (Bis),5,Cuatrimestre 5,Controladores Lógicos Programables
UT Matamoros - Modalidad BIS,Ing. En Mecatrónica (Bis),5,Cuatrimestre 5,Ecuaciones Diferenciales
UT Matamoros - Modalidad BIS,Ing. En Mecatrónica (Bis),5,Cuatrimestre 5,Implementación de Sistemas Automáticos
UT Matamoros - Modalidad BIS,Ing. En Mecatrónica (Bis),5,Cuatrimestre 5,Inglés V
UT Matamoros - Modalidad BIS,Ing. En Mecatrónica (Bis),5,Cuatrimestre 5,Liderazgo de Equipos de Alto Desempeño
UT Matamoros - Modalidad BIS,Ing. En Mecatrónica (Bis),5,Cuatrimestre 5,Procesos de Manufactura
UT Matamoros - Modalidad BIS,Ing. En Mecatrónica (Bis),5,Cuatrimestre 5,Proyecto Integrador II
UT Matamoros - Modalidad BIS,Ing. En Mecatrónica (Bis),6,VI (Estadía TSU),ESTADÍA TSU EN AUTOMATIZACIÓN (600 hrs)
UT Matamoros - Modalidad BIS,Ing. En Mecatrónica (Bis),7,Cuatrimestre 7,Análisis de Mecanismos
UT Matamoros - Modalidad BIS,Ing. En Mecatrónica (Bis),7,Cuatrimestre 7,Cinemática y Dinámica de Robots
UT Matamoros - Modalidad BIS,Ing. En Mecatrónica (Bis),7,Cuatrimestre 7,Habilidades Gerenciales
UT Matamoros - Modalidad BIS,Ing. En Mecatrónica (Bis),7,Cuatrimestre 7,Inglés VI
UT Matamoros - Modalidad BIS,Ing. En Mecatrónica (Bis),7,Cuatrimestre 7,Instrumentación Virtual
UT Matamoros - Modalidad BIS,Ing. En Mecatrónica (Bis),7,Cuatrimestre 7,Modelado y Simulación de Sistemas
UT Matamoros - Modalidad BIS,Ing. En Mecatrónica (Bis),7,Cuatrimestre 7,Sistemas Embebidos
UT Matamoros - Modalidad BIS,Ing. En Mecatrónica (Bis),8,Cuatrimestre 8,Diseño Asistido por Computadora
UT Matamoros - Modalidad BIS,Ing. En Mecatrónica (Bis),8,Cuatrimestre 8,Diseño Mecánico
UT Matamoros - Modalidad BIS,Ing. En Mecatrónica (Bis),8,Cuatrimestre 8,Diseño de Sistemas Mecatrónicos
UT Matamoros - Modalidad BIS,Ing. En Mecatrónica (Bis),8,Cuatrimestre 8,Ingeniería de Control
UT Matamoros - Modalidad BIS,Ing. En Mecatrónica (Bis),8,Cuatrimestre 8,Inglés VII
UT Matamoros - Modalidad BIS,Ing. En Mecatrónica (Bis),8,Cuatrimestre 8,Programación de Robots Industriales
UT Matamoros - Modalidad BIS,Ing. En Mecatrónica (Bis),8,Cuatrimestre 8,Sistemas CAM CNC
UT Matamoros - Modalidad BIS,Ing. En Mecatrónica (Bis),9,Cuatrimestre 9,Administración de Mantenimiento
UT Matamoros - Modalidad BIS,Ing. En Mecatrónica (Bis),9,Cuatrimestre 9,Control Avanzado
UT Matamoros - Modalidad BIS,Ing. En Mecatrónica (Bis),9,Cuatrimestre 9,Ingeniería Asistida por Computadora
UT Matamoros - Modalidad BIS,Ing. En Mecatrónica (Bis),9,Cuatrimestre 9,Inglés VIII
UT Matamoros - Modalidad BIS,Ing. En Mecatrónica (Bis),9,Cuatrimestre 9,Proyecto Integrador III
UT Matamoros - Modalidad BIS,Ing. En Mecatrónica (Bis),9,Cuatrimestre 9,Sistemas Eléctricos Industriales
UT Matamoros - Modalidad BIS,Ing. En Mecatrónica (Bis),9,Cuatrimestre 9,Sistemas de Manufactura Flexible
UT Matamoros - Modalidad BIS,Ing. En Mecatrónica (Bis),10,X (Estadía Ingeniería),ESTADÍA INGENIERÍA MECATRÓNICA (600 hrs)
UT Matamoros - Modalidad BIS,Ing. En Ti E Innovación Digital (Bis),0,0 (Inmersión/Propedéutico),Cuatrimestre de Inmersión
UT Matamoros - Modalidad BIS,Ing. En Ti E Innovación Digital (Bis),0,0 (Inmersión/Propedéutico),Desarrollo Sostenible
UT Matamoros - Modalidad BIS,Ing. En Ti E Innovación Digital (Bis),0,0 (Inmersión/Propedéutico),Desarrollo de Competencias Globales
UT Matamoros - Modalidad BIS,Ing. En Ti E Innovación Digital (Bis),0,0 (Inmersión/Propedéutico),Introducción a la Lengua Inglesa
UT Matamoros - Modalidad BIS,Ing. En Ti E Innovación Digital (Bis),0,0 (Inmersión/Propedéutico),Tutorías BIS
UT Matamoros - Modalidad BIS,Ing. En Ti E Innovación Digital (Bis),1,Cuatrimestre 1,Comunicación y Habilidades Digitales
UT Matamoros - Modalidad BIS,Ing. En Ti E Innovación Digital (Bis),1,Cuatrimestre 1,Desarrollo Humano y Valores
UT Matamoros - Modalidad BIS,Ing. En Ti E Innovación Digital (Bis),1,Cuatrimestre 1,Fundamentos Matemáticos
UT Matamoros - Modalidad BIS,Ing. En Ti E Innovación Digital (Bis),1,Cuatrimestre 1,Fundamentos de Programación
UT Matamoros - Modalidad BIS,Ing. En Ti E Innovación Digital (Bis),1,Cuatrimestre 1,Fundamentos de Redes
UT Matamoros - Modalidad BIS,Ing. En Ti E Innovación Digital (Bis),1,Cuatrimestre 1,Física
UT Matamoros - Modalidad BIS,Ing. En Ti E Innovación Digital (Bis),1,Cuatrimestre 1,Inglés I
UT Matamoros - Modalidad BIS,Ing. En Ti E Innovación Digital (Bis),2,Cuatrimestre 2,Conmutación y Enrutamiento de Redes
UT Matamoros - Modalidad BIS,Ing. En Ti E Innovación Digital (Bis),2,Cuatrimestre 2,Cálculo Diferencial
UT Matamoros - Modalidad BIS,Ing. En Ti E Innovación Digital (Bis),2,Cuatrimestre 2,Habilidades Socioemocionales y Manejo de Conflictos
UT Matamoros - Modalidad BIS,Ing. En Ti E Innovación Digital (Bis),2,Cuatrimestre 2,Inglés II
UT Matamoros - Modalidad BIS,Ing. En Ti E Innovación Digital (Bis),2,Cuatrimestre 2,Probabilidad y Estadística
UT Matamoros - Modalidad BIS,Ing. En Ti E Innovación Digital (Bis),2,Cuatrimestre 2,Programación Estructurada
UT Matamoros - Modalidad BIS,Ing. En Ti E Innovación Digital (Bis),2,Cuatrimestre 2,Sistemas Operativos
UT Matamoros - Modalidad BIS,Ing. En Ti E Innovación Digital (Bis),3,Cuatrimestre 3,Base de Datos
UT Matamoros - Modalidad BIS,Ing. En Ti E Innovación Digital (Bis),3,Cuatrimestre 3,Cálculo Integral
UT Matamoros - Modalidad BIS,Ing. En Ti E Innovación Digital (Bis),3,Cuatrimestre 3,Desarrollo del Pensamiento y Toma de Decisiones
UT Matamoros - Modalidad BIS,Ing. En Ti E Innovación Digital (Bis),3,Cuatrimestre 3,Inglés III
UT Matamoros - Modalidad BIS,Ing. En Ti E Innovación Digital (Bis),3,Cuatrimestre 3,Programación Orientada a Objetos
UT Matamoros - Modalidad BIS,Ing. En Ti E Innovación Digital (Bis),3,Cuatrimestre 3,Proyecto Integrador I
UT Matamoros - Modalidad BIS,Ing. En Ti E Innovación Digital (Bis),3,Cuatrimestre 3,Tópicos de Calidad para el Diseño de Software
UT Matamoros - Modalidad BIS,Ing. En Ti E Innovación Digital (Bis),4,Cuatrimestre 4,Centro de Datos
UT Matamoros - Modalidad BIS,Ing. En Ti E Innovación Digital (Bis),4,Cuatrimestre 4,Cálculo de Varias Variables
UT Matamoros - Modalidad BIS,Ing. En Ti E Innovación Digital (Bis),4,Cuatrimestre 4,Escalabilidad de Redes
UT Matamoros - Modalidad BIS,Ing. En Ti E Innovación Digital (Bis),4,Cuatrimestre 4,Infraestructura de Redes de Datos
UT Matamoros - Modalidad BIS,Ing. En Ti E Innovación Digital (Bis),4,Cuatrimestre 4,Inglés IV
UT Matamoros - Modalidad BIS,Ing. En Ti E Innovación Digital (Bis),4,Cuatrimestre 4,Programación de Redes
UT Matamoros - Modalidad BIS,Ing. En Ti E Innovación Digital (Bis),4,Cuatrimestre 4,Ética Profesional
UT Matamoros - Modalidad BIS,Ing. En Ti E Innovación Digital (Bis),5,Cuatrimestre 5,Conexión de Redes WAN
UT Matamoros - Modalidad BIS,Ing. En Ti E Innovación Digital (Bis),5,Cuatrimestre 5,Cómputo en la Nube
UT Matamoros - Modalidad BIS,Ing. En Ti E Innovación Digital (Bis),5,Cuatrimestre 5,Ecuaciones Diferenciales
UT Matamoros - Modalidad BIS,Ing. En Ti E Innovación Digital (Bis),5,Cuatrimestre 5,Inglés V
UT Matamoros - Modalidad BIS,Ing. En Ti E Innovación Digital (Bis),5,Cuatrimestre 5,Liderazgo de Equipos de Alto Desempeño
UT Matamoros - Modalidad BIS,Ing. En Ti E Innovación Digital (Bis),5,Cuatrimestre 5,Proyecto Integrador II
UT Matamoros - Modalidad BIS,Ing. En Ti E Innovación Digital (Bis),5,Cuatrimestre 5,Seguridad en Redes
UT Matamoros - Modalidad BIS,Ing. En Ti E Innovación Digital (Bis),6,VI (Estadía TSU),ESTADÍA TSU EN INFRAESTRUCTURA DE REDES DIGITALES (600 hrs)
UT Matamoros - Modalidad BIS,Ing. En Ti E Innovación Digital (Bis),7,Cuatrimestre 7,Formulación de Proyectos de Tecnología
UT Matamoros - Modalidad BIS,Ing. En Ti E Innovación Digital (Bis),7,Cuatrimestre 7,Fundamentos de Inteligencia Artificial
UT Matamoros - Modalidad BIS,Ing. En Ti E Innovación Digital (Bis),7,Cuatrimestre 7,Habilidades Gerenciales
UT Matamoros - Modalidad BIS,Ing. En Ti E Innovación Digital (Bis),7,Cuatrimestre 7,Inglés VI
UT Matamoros - Modalidad BIS,Ing. En Ti E Innovación Digital (Bis),7,Cuatrimestre 7,Optativa I
UT Matamoros - Modalidad BIS,Ing. En Ti E Innovación Digital (Bis),7,Cuatrimestre 7,Seguridad Informática
UT Matamoros - Modalidad BIS,Ing. En Ti E Innovación Digital (Bis),7,Cuatrimestre 7,Ética y Legislación en Tecnologías de la Información
UT Matamoros - Modalidad BIS,Ing. En Ti E Innovación Digital (Bis),8,Cuatrimestre 8,Administración de Servidores
UT Matamoros - Modalidad BIS,Ing. En Ti E Innovación Digital (Bis),8,Cuatrimestre 8,Electrónica Digital
UT Matamoros - Modalidad BIS,Ing. En Ti E Innovación Digital (Bis),8,Cuatrimestre 8,Gestión de Proyectos de Tecnología
UT Matamoros - Modalidad BIS,Ing. En Ti E Innovación Digital (Bis),8,Cuatrimestre 8,Informática Forense
UT Matamoros - Modalidad BIS,Ing. En Ti E Innovación Digital (Bis),8,Cuatrimestre 8,Inglés VII
UT Matamoros - Modalidad BIS,Ing. En Ti E Innovación Digital (Bis),8,Cuatrimestre 8,Optativa II
UT Matamoros - Modalidad BIS,Ing. En Ti E Innovación Digital (Bis),8,Cuatrimestre 8,Programación para Inteligencia Artificial
UT Matamoros - Modalidad BIS,Ing. En Ti E Innovación Digital (Bis),9,Cuatrimestre 9,Ciencia de Datos
UT Matamoros - Modalidad BIS,Ing. En Ti E Innovación Digital (Bis),9,Cuatrimestre 9,Evaluación de Proyectos de Tecnología
UT Matamoros - Modalidad BIS,Ing. En Ti E Innovación Digital (Bis),9,Cuatrimestre 9,Inglés VIII
UT Matamoros - Modalidad BIS,Ing. En Ti E Innovación Digital (Bis),9,Cuatrimestre 9,Internet de las Cosas
UT Matamoros - Modalidad BIS,Ing. En Ti E Innovación Digital (Bis),9,Cuatrimestre 9,Optativa III
UT Matamoros - Modalidad BIS,Ing. En Ti E Innovación Digital (Bis),9,Cuatrimestre 9,Proyecto Integrador III
UT Matamoros - Modalidad BIS,Ing. En Ti E Innovación Digital (Bis),9,Cuatrimestre 9,Tecnologías Disruptivas
UT Matamoros - Modalidad BIS,Ing. En Ti E Innovación Digital (Bis),10,X (Estadía Ingeniería),ESTADÍA INGENIERÍA EN TI E INNOVACIÓN DIGITAL (600 hrs)
UT Matamoros - Modalidad BIS,Ing. Industrial (Bis),1,Cuatrimestre 1,Desarrollo Humano y Valores
UT Matamoros - Modalidad BIS,Ing. Industrial (Bis),1,Cuatrimestre 1,Dibujo Industrial
UT Matamoros - Modalidad BIS,Ing. Industrial (Bis),1,Cuatrimestre 1,Fundamentos Matemáticos
UT Matamoros - Modalidad BIS,Ing. Industrial (Bis),1,Cuatrimestre 1,Probabilidad y Estadística
UT Matamoros - Modalidad BIS,Ing. Industrial (Bis),2,Cuatrimestre 2,Control de Calidad
UT Matamoros - Modalidad BIS,Ing. Industrial (Bis),2,Cuatrimestre 2,Física
UT Matamoros - Modalidad BIS,Ing. Industrial (Bis),2,Cuatrimestre 2,Metrología
UT Matamoros - Modalidad BIS,Ing. Industrial (Bis),2,Cuatrimestre 2,"Seguridad, Higiene y Medio Ambiente"
UT Matamoros - Modalidad BIS,Ing. Industrial (Bis),3,Cuatrimestre 3,Comunicación y Habilidades Digitales
UT Matamoros - Modalidad BIS,Ing. Industrial (Bis),3,Cuatrimestre 3,Cálculo Diferencial
UT Matamoros - Modalidad BIS,Ing. Industrial (Bis),3,Cuatrimestre 3,Inglés I
UT Matamoros - Modalidad BIS,Ing. Industrial (Bis),3,Cuatrimestre 3,Química Básica
UT Matamoros - Modalidad BIS,Ing. Industrial (Bis),4,Cuatrimestre 4,Estudio del Trabajo
UT Matamoros - Modalidad BIS,Ing. Industrial (Bis),4,Cuatrimestre 4,Habilidades Socioemocionales y Manejo de Conflictos
UT Matamoros - Modalidad BIS,Ing. Industrial (Bis),4,Cuatrimestre 4,Inglés II
UT Matamoros - Modalidad BIS,Ing. Industrial (Bis),4,Cuatrimestre 4,Procesos de Fabricación
UT Matamoros - Modalidad BIS,Ing. Industrial (Bis),5,Cuatrimestre 5,Costos de Producción
UT Matamoros - Modalidad BIS,Ing. Industrial (Bis),5,Cuatrimestre 5,Cálculo Integral
UT Matamoros - Modalidad BIS,Ing. Industrial (Bis),5,Cuatrimestre 5,Desarrollo del Pensamiento y Toma de Decisiones
UT Matamoros - Modalidad BIS,Ing. Industrial (Bis),5,Cuatrimestre 5,Inglés III
UT Matamoros - Modalidad BIS,Ing. Industrial (Bis),5,Cuatrimestre 5,Proyecto Integrador I
UT Matamoros - Modalidad BIS,Ing. Industrial (Bis),6,VI (Estadía TSU),Cálculo de Varias Variables
UT Matamoros - Modalidad BIS,Ing. Industrial (Bis),6,VI (Estadía TSU),Ingeniería Económica
UT Matamoros - Modalidad BIS,Ing. Industrial (Bis),6,VI (Estadía TSU),Ingeniería de Planta y Estudio del Trabajo
UT Matamoros - Modalidad BIS,Ing. Industrial (Bis),6,VI (Estadía TSU),Tecnologías de Transformación de Materiales
UT Matamoros - Modalidad BIS,Ing. Industrial (Bis),6,VI (Estadía TSU),Ética Profesional
UT Matamoros - Modalidad BIS,Ing. Industrial (Bis),7,Cuatrimestre 7,Admón. y Control de la Calidad
UT Matamoros - Modalidad BIS,Ing. Industrial (Bis),7,Cuatrimestre 7,Ecuaciones Diferenciales
UT Matamoros - Modalidad BIS,Ing. Industrial (Bis),7,Cuatrimestre 7,Inglés IV
UT Matamoros - Modalidad BIS,Ing. Industrial (Bis),7,Cuatrimestre 7,Liderazgo de Equipos de Alto Desempeño
UT Matamoros - Modalidad BIS,Ing. Industrial (Bis),7,Cuatrimestre 7,Sistemas de Manufactura Aplicada
UT Matamoros - Modalidad BIS,Ing. Industrial (Bis),8,Cuatrimestre 8,Admón. y Control de Operaciones
UT Matamoros - Modalidad BIS,Ing. Industrial (Bis),8,Cuatrimestre 8,Gestión Ambiental en Procesos Industriales
UT Matamoros - Modalidad BIS,Ing. Industrial (Bis),8,Cuatrimestre 8,Inglés V
UT Matamoros - Modalidad BIS,Ing. Industrial (Bis),8,Cuatrimestre 8,Proyecto Integrador II
UT Matamoros - Modalidad BIS,Ing. Industrial (Bis),9,Cuatrimestre 9,ESTADÍA TSU EN PROCESOS PRODUCTIVOS (600 hrs)
UT Matamoros - Modalidad BIS,Lic. En Educación (Bis),0,0 (Inmersión/Propedéutico),Cuatrimestre de Inmersión
UT Matamoros - Modalidad BIS,Lic. En Educación (Bis),0,0 (Inmersión/Propedéutico),Desarrollo Sostenible
UT Matamoros - Modalidad BIS,Lic. En Educación (Bis),0,0 (Inmersión/Propedéutico),Desarrollo de Competencias Globales
UT Matamoros - Modalidad BIS,Lic. En Educación (Bis),0,0 (Inmersión/Propedéutico),Introducción a la Lengua Inglesa
UT Matamoros - Modalidad BIS,Lic. En Educación (Bis),0,0 (Inmersión/Propedéutico),Tutorías BIS
UT Matamoros - Modalidad BIS,Lic. En Educación (Bis),1,Cuatrimestre 1,Comunicación y Habilidades Digitales
UT Matamoros - Modalidad BIS,Lic. En Educación (Bis),1,Cuatrimestre 1,Desarrollo Humano y Valores
UT Matamoros - Modalidad BIS,Lic. En Educación (Bis),1,Cuatrimestre 1,Fundamentos Pedagógicos de la Educación
UT Matamoros - Modalidad BIS,Lic. En Educación (Bis),1,Cuatrimestre 1,Fundamentos de Matemáticas
UT Matamoros - Modalidad BIS,Lic. En Educación (Bis),1,Cuatrimestre 1,Inglés I
UT Matamoros - Modalidad BIS,Lic. En Educación (Bis),1,Cuatrimestre 1,La Educación en México
UT Matamoros - Modalidad BIS,Lic. En Educación (Bis),1,Cuatrimestre 1,Psicología Educativa y Etapas del Desarrollo
UT Matamoros - Modalidad BIS,Lic. En Educación (Bis),2,Cuatrimestre 2,Diseño de Material Didáctico I
UT Matamoros - Modalidad BIS,Lic. En Educación (Bis),2,Cuatrimestre 2,Evaluación del Proceso de Enseñanza - Aprendizaje
UT Matamoros - Modalidad BIS,Lic. En Educación (Bis),2,Cuatrimestre 2,Habilidades Socioemocionales y Manejo de Conflictos
UT Matamoros - Modalidad BIS,Lic. En Educación (Bis),2,Cuatrimestre 2,Inglés II
UT Matamoros - Modalidad BIS,Lic. En Educación (Bis),2,Cuatrimestre 2,Metodología de la Didáctica I
UT Matamoros - Modalidad BIS,Lic. En Educación (Bis),2,Cuatrimestre 2,Metodología de la Investigación
UT Matamoros - Modalidad BIS,Lic. En Educación (Bis),2,Cuatrimestre 2,Probabilidad y Estadística Aplicadas a la Educación
UT Matamoros - Modalidad BIS,Lic. En Educación (Bis),3,Cuatrimestre 3,Desarrollo del Pensamiento y Toma de Decisiones
UT Matamoros - Modalidad BIS,Lic. En Educación (Bis),3,Cuatrimestre 3,Diseño de Material Didáctico II
UT Matamoros - Modalidad BIS,Lic. En Educación (Bis),3,Cuatrimestre 3,Inglés III
UT Matamoros - Modalidad BIS,Lic. En Educación (Bis),3,Cuatrimestre 3,Instrumentos de Evaluación
UT Matamoros - Modalidad BIS,Lic. En Educación (Bis),3,Cuatrimestre 3,Metodología de la Didáctica II
UT Matamoros - Modalidad BIS,Lic. En Educación (Bis),3,Cuatrimestre 3,Planeación Educativa
UT Matamoros - Modalidad BIS,Lic. En Educación (Bis),3,Cuatrimestre 3,Proyecto Integrador I
UT Matamoros - Modalidad BIS,Lic. En Educación (Bis),4,Cuatrimestre 4,Diseño de Situaciones de Aprendizaje I
UT Matamoros - Modalidad BIS,Lic. En Educación (Bis),4,Cuatrimestre 4,Enseñanza de Estructura Gramatical Inglesa
UT Matamoros - Modalidad BIS,Lic. En Educación (Bis),4,Cuatrimestre 4,Estrategias de Enseñanza de la Lengua Inglesa I
UT Matamoros - Modalidad BIS,Lic. En Educación (Bis),4,Cuatrimestre 4,Fonética
UT Matamoros - Modalidad BIS,Lic. En Educación (Bis),4,Cuatrimestre 4,Inglés IV
UT Matamoros - Modalidad BIS,Lic. En Educación (Bis),4,Cuatrimestre 4,Metodología de la Enseñanza de Contenidos
UT Matamoros - Modalidad BIS,Lic. En Educación (Bis),4,Cuatrimestre 4,Ética Profesional
UT Matamoros - Modalidad BIS,Lic. En Educación (Bis),5,Cuatrimestre 5,Diseño de Situaciones de Aprendizaje II
UT Matamoros - Modalidad BIS,Lic. En Educación (Bis),5,Cuatrimestre 5,Enseñanza de Habilidades Productivas
UT Matamoros - Modalidad BIS,Lic. En Educación (Bis),5,Cuatrimestre 5,Enseñanza de Habilidades Receptivas
UT Matamoros - Modalidad BIS,Lic. En Educación (Bis),5,Cuatrimestre 5,Estrategias de Enseñanza de la Lengua Inglesa II
UT Matamoros - Modalidad BIS,Lic. En Educación (Bis),5,Cuatrimestre 5,Inglés V
UT Matamoros - Modalidad BIS,Lic. En Educación (Bis),5,Cuatrimestre 5,Liderazgo de Equipos de Alto Desempeño
UT Matamoros - Modalidad BIS,Lic. En Educación (Bis),5,Cuatrimestre 5,Proyecto Integrador II
UT Matamoros - Modalidad BIS,Lic. En Educación (Bis),6,VI (Estadía TSU),ESTADÍA TSU EN ENSEÑANZA DEL IDIOMA INGLÉS (600 hrs)
UT Matamoros - Modalidad BIS,Lic. En Educación (Bis),7,Cuatrimestre 7,Administración Educativa
UT Matamoros - Modalidad BIS,Lic. En Educación (Bis),7,Cuatrimestre 7,Habilidades Gerenciales
UT Matamoros - Modalidad BIS,Lic. En Educación (Bis),7,Cuatrimestre 7,Inglés VI
UT Matamoros - Modalidad BIS,Lic. En Educación (Bis),7,Cuatrimestre 7,Investigación Evaluativa
UT Matamoros - Modalidad BIS,Lic. En Educación (Bis),7,Cuatrimestre 7,Política Educativa
UT Matamoros - Modalidad BIS,Lic. En Educación (Bis),7,Cuatrimestre 7,Psicolingüística
UT Matamoros - Modalidad BIS,Lic. En Educación (Bis),7,Cuatrimestre 7,Psicopedagogía
UT Matamoros - Modalidad BIS,Lic. En Educación (Bis),8,Cuatrimestre 8,Administración Escolar
UT Matamoros - Modalidad BIS,Lic. En Educación (Bis),8,Cuatrimestre 8,Diseño Curricular
UT Matamoros - Modalidad BIS,Lic. En Educación (Bis),8,Cuatrimestre 8,Evaluación Educativa
UT Matamoros - Modalidad BIS,Lic. En Educación (Bis),8,Cuatrimestre 8,Gestión Educativa I
UT Matamoros - Modalidad BIS,Lic. En Educación (Bis),8,Cuatrimestre 8,Inglés VII
UT Matamoros - Modalidad BIS,Lic. En Educación (Bis),8,Cuatrimestre 8,Negociación Empresarial
UT Matamoros - Modalidad BIS,Lic. En Educación (Bis),8,Cuatrimestre 8,Planeación y Organización de Proyectos
UT Matamoros - Modalidad BIS,Lic. En Educación (Bis),9,Cuatrimestre 9,Calidad en las Instituciones Educativas
UT Matamoros - Modalidad BIS,Lic. En Educación (Bis),9,Cuatrimestre 9,Diseño Instruccional
UT Matamoros - Modalidad BIS,Lic. En Educación (Bis),9,Cuatrimestre 9,Diseño de Entornos Digitales Colaborativos
UT Matamoros - Modalidad BIS,Lic. En Educación (Bis),9,Cuatrimestre 9,Gestión Educativa II
UT Matamoros - Modalidad BIS,Lic. En Educación (Bis),9,Cuatrimestre 9,Gestión y Administración de Proyectos y de Personal
UT Matamoros - Modalidad BIS,Lic. En Educación (Bis),9,Cuatrimestre 9,Inglés VIII
UT Matamoros - Modalidad BIS,Lic. En Educación (Bis),9,Cuatrimestre 9,Proyecto Integrador III
UT Matamoros - Modalidad BIS,Lic. En Educación (Bis),10,X (Estadía Ingeniería),ESTADÍA LICENCIATURA EN EDUCACIÓN (600 hrs)
UT Nuevo Laredo,Ing. En Energía Y Desarrollo Sostenible,1,Cuatrimestre 1,Comunicación y habilidades digitales
UT Nuevo Laredo,Ing. En Energía Y Desarrollo Sostenible,1,Cuatrimestre 1,Desarrollo humano y valores
UT Nuevo Laredo,Ing. En Energía Y Desarrollo Sostenible,1,Cuatrimestre 1,Dibujo asistido por computadora
UT Nuevo Laredo,Ing. En Energía Y Desarrollo Sostenible,1,Cuatrimestre 1,Energía y desarrollo sostenible
UT Nuevo Laredo,Ing. En Energía Y Desarrollo Sostenible,1,Cuatrimestre 1,Fundamentos matemáticos
UT Nuevo Laredo,Ing. En Energía Y Desarrollo Sostenible,1,Cuatrimestre 1,Física
UT Nuevo Laredo,Ing. En Energía Y Desarrollo Sostenible,1,Cuatrimestre 1,Inglés
UT Nuevo Laredo,Ing. En Energía Y Desarrollo Sostenible,2,Cuatrimestre 2,Circuitos eléctricos
UT Nuevo Laredo,Ing. En Energía Y Desarrollo Sostenible,2,Cuatrimestre 2,Cálculo diferencial
UT Nuevo Laredo,Ing. En Energía Y Desarrollo Sostenible,2,Cuatrimestre 2,Diagnósticos energéticos
UT Nuevo Laredo,Ing. En Energía Y Desarrollo Sostenible,2,Cuatrimestre 2,Habilidades socioemocionales y manejo de conflictos
UT Nuevo Laredo,Ing. En Energía Y Desarrollo Sostenible,2,Cuatrimestre 2,Inglés II
UT Nuevo Laredo,Ing. En Energía Y Desarrollo Sostenible,2,Cuatrimestre 2,Probabilidad y estadística
UT Nuevo Laredo,Ing. En Energía Y Desarrollo Sostenible,2,Cuatrimestre 2,Seguridad y medio ambiente
UT Nuevo Laredo,Ing. En Energía Y Desarrollo Sostenible,3,Cuatrimestre 3,Cálculo integral
UT Nuevo Laredo,Ing. En Energía Y Desarrollo Sostenible,3,Cuatrimestre 3,Desarrollo del pensamiento y toma de decisiones
UT Nuevo Laredo,Ing. En Energía Y Desarrollo Sostenible,3,Cuatrimestre 3,Electrónica industrial
UT Nuevo Laredo,Ing. En Energía Y Desarrollo Sostenible,3,Cuatrimestre 3,Inglés III
UT Nuevo Laredo,Ing. En Energía Y Desarrollo Sostenible,3,Cuatrimestre 3,Instalaciones eléctricas industriales
UT Nuevo Laredo,Ing. En Energía Y Desarrollo Sostenible,3,Cuatrimestre 3,Proyecto integrador I
UT Nuevo Laredo,Ing. En Energía Y Desarrollo Sostenible,3,Cuatrimestre 3,Temas selectos de química
UT Nuevo Laredo,Ing. En Energía Y Desarrollo Sostenible,4,Cuatrimestre 4,Ciencia e ingeniería de materiales
UT Nuevo Laredo,Ing. En Energía Y Desarrollo Sostenible,4,Cuatrimestre 4,Cálculo de varias variables
UT Nuevo Laredo,Ing. En Energía Y Desarrollo Sostenible,4,Cuatrimestre 4,Gestión del mantenimiento
UT Nuevo Laredo,Ing. En Energía Y Desarrollo Sostenible,4,Cuatrimestre 4,Inglés IV
UT Nuevo Laredo,Ing. En Energía Y Desarrollo Sostenible,4,Cuatrimestre 4,Metrología
UT Nuevo Laredo,Ing. En Energía Y Desarrollo Sostenible,4,Cuatrimestre 4,Temas selectos de termodinámica y transferencia
UT Nuevo Laredo,Ing. En Energía Y Desarrollo Sostenible,4,Cuatrimestre 4,Ética profesional
UT Nuevo Laredo,Ing. En Energía Y Desarrollo Sostenible,5,Cuatrimestre 5,Ecuaciones diferenciales
UT Nuevo Laredo,Ing. En Energía Y Desarrollo Sostenible,5,Cuatrimestre 5,Inglés V
UT Nuevo Laredo,Ing. En Energía Y Desarrollo Sostenible,5,Cuatrimestre 5,Liderazgo de equipos de alto desempeño
UT Nuevo Laredo,Ing. En Energía Y Desarrollo Sostenible,5,Cuatrimestre 5,Mecánica de fluidos
UT Nuevo Laredo,Ing. En Energía Y Desarrollo Sostenible,5,Cuatrimestre 5,Proyecto integrador II
UT Nuevo Laredo,Ing. En Energía Y Desarrollo Sostenible,5,Cuatrimestre 5,Sistemas fotovoltaicos
UT Nuevo Laredo,Ing. En Energía Y Desarrollo Sostenible,5,Cuatrimestre 5,Sistemas termosolares
UT Nuevo Laredo,Ing. En Energía Y Desarrollo Sostenible,6,VI (Estadía TSU),ESTADÍA TSU EN ENERGÍA SOLAR
UT Nuevo Laredo,Ing. En Energía Y Desarrollo Sostenible,7,Cuatrimestre 7,Electroquímica
UT Nuevo Laredo,Ing. En Energía Y Desarrollo Sostenible,7,Cuatrimestre 7,Habilidades gerenciales
UT Nuevo Laredo,Ing. En Energía Y Desarrollo Sostenible,7,Cuatrimestre 7,Ingeniería de equipos y sistemas industriales
UT Nuevo Laredo,Ing. En Energía Y Desarrollo Sostenible,7,Cuatrimestre 7,Inglés VI
UT Nuevo Laredo,Ing. En Energía Y Desarrollo Sostenible,7,Cuatrimestre 7,Introducción a las redes eléctricas inteligentes
UT Nuevo Laredo,Ing. En Energía Y Desarrollo Sostenible,7,Cuatrimestre 7,Sistemas de adquisición de datos
UT Nuevo Laredo,Ing. En Energía Y Desarrollo Sostenible,7,Cuatrimestre 7,Temas selectos de física
UT Nuevo Laredo,Ing. En Energía Y Desarrollo Sostenible,8,Cuatrimestre 8,Almacenamiento de energía
UT Nuevo Laredo,Ing. En Energía Y Desarrollo Sostenible,8,Cuatrimestre 8,Arquitectura bioclimática
UT Nuevo Laredo,Ing. En Energía Y Desarrollo Sostenible,8,Cuatrimestre 8,Hidrógeno y celdas de combustibles
UT Nuevo Laredo,Ing. En Energía Y Desarrollo Sostenible,8,Cuatrimestre 8,Ingeniería de la biomasa
UT Nuevo Laredo,Ing. En Energía Y Desarrollo Sostenible,8,Cuatrimestre 8,Inglés VII
UT Nuevo Laredo,Ing. En Energía Y Desarrollo Sostenible,8,Cuatrimestre 8,Normatividad y sustentabilidad energética
UT Nuevo Laredo,Ing. En Energía Y Desarrollo Sostenible,8,Cuatrimestre 8,Sistemas de generación distribuidos
UT Nuevo Laredo,Ing. En Energía Y Desarrollo Sostenible,9,Cuatrimestre 9,Diseño de proyectos eólicos
UT Nuevo Laredo,Ing. En Energía Y Desarrollo Sostenible,9,Cuatrimestre 9,Diseño de proyectos fotovoltaicos
UT Nuevo Laredo,Ing. En Energía Y Desarrollo Sostenible,9,Cuatrimestre 9,Eficiencia energética
UT Nuevo Laredo,Ing. En Energía Y Desarrollo Sostenible,9,Cuatrimestre 9,Ingeniería económica
UT Nuevo Laredo,Ing. En Energía Y Desarrollo Sostenible,9,Cuatrimestre 9,Inglés VIII
UT Nuevo Laredo,Ing. En Energía Y Desarrollo Sostenible,9,Cuatrimestre 9,Modelado y simulación de sistemas en energías
UT Nuevo Laredo,Ing. En Energía Y Desarrollo Sostenible,9,Cuatrimestre 9,Proyecto integrador III
UT Nuevo Laredo,Ing. En Energía Y Desarrollo Sostenible,10,X (Estadía Ingeniería),ESTADÍA LICENCIATURA EN INGENIERÍA EN ENERGÍA Y DESARROLLO SOSTENIBLE
UT Nuevo Laredo,Ing. En Logística,1,Cuatrimestre 1,Administración y Principios de Economía
UT Nuevo Laredo,Ing. En Logística,1,Cuatrimestre 1,Comunicación y Habilidades Digitales
UT Nuevo Laredo,Ing. En Logística,1,Cuatrimestre 1,Desarrollo Humano y Valores
UT Nuevo Laredo,Ing. En Logística,1,Cuatrimestre 1,Fundamentos Matemáticos
UT Nuevo Laredo,Ing. En Logística,1,Cuatrimestre 1,Fundamentos de la Cadena de Suministros
UT Nuevo Laredo,Ing. En Logística,1,Cuatrimestre 1,Inglés I
UT Nuevo Laredo,Ing. En Logística,1,Cuatrimestre 1,Probabilidad y Estadística
UT Nuevo Laredo,Ing. En Logística,2,Cuatrimestre 2,Cálculo Diferencial
UT Nuevo Laredo,Ing. En Logística,2,Cuatrimestre 2,Física
UT Nuevo Laredo,Ing. En Logística,2,Cuatrimestre 2,Gestión de Almacén
UT Nuevo Laredo,Ing. En Logística,2,Cuatrimestre 2,Habilidades Socioemocionales y Manejo de Conflictos
UT Nuevo Laredo,Ing. En Logística,2,Cuatrimestre 2,Inglés II
UT Nuevo Laredo,Ing. En Logística,2,Cuatrimestre 2,Logística de Abastecimiento
UT Nuevo Laredo,Ing. En Logística,2,Cuatrimestre 2,Marco Regulatorio del Comercio Internacional
UT Nuevo Laredo,Ing. En Logística,3,Cuatrimestre 3,Calidad en la Cadena de Suministros
UT Nuevo Laredo,Ing. En Logística,3,Cuatrimestre 3,Costos y Presupuestos Logísticos
UT Nuevo Laredo,Ing. En Logística,3,Cuatrimestre 3,Cálculo Integral
UT Nuevo Laredo,Ing. En Logística,3,Cuatrimestre 3,Desarrollo del Pensamiento y Toma de Decisiones
UT Nuevo Laredo,Ing. En Logística,3,Cuatrimestre 3,Inglés III
UT Nuevo Laredo,Ing. En Logística,3,Cuatrimestre 3,Proyecto Integrador I
UT Nuevo Laredo,Ing. En Logística,3,Cuatrimestre 3,Tráfico y Sistemas de Transporte
UT Nuevo Laredo,Ing. En Logística,4,Cuatrimestre 4,Administración de Materiales de Producción
UT Nuevo Laredo,Ing. En Logística,4,Cuatrimestre 4,Administración y Control de Inventarios
UT Nuevo Laredo,Ing. En Logística,4,Cuatrimestre 4,Cálculo de Varias Variables
UT Nuevo Laredo,Ing. En Logística,4,Cuatrimestre 4,Geografía e Infraestructura Logística
UT Nuevo Laredo,Ing. En Logística,4,Cuatrimestre 4,Inglés IV
UT Nuevo Laredo,Ing. En Logística,4,Cuatrimestre 4,Pronósticos en la cadena de suministros
UT Nuevo Laredo,Ing. En Logística,4,Cuatrimestre 4,Ética Profesional
UT Nuevo Laredo,Ing. En Logística,5,Cuatrimestre 5,Ecuaciones Diferenciales
UT Nuevo Laredo,Ing. En Logística,5,Cuatrimestre 5,Gestión de la Cadena de Suministro
UT Nuevo Laredo,Ing. En Logística,5,Cuatrimestre 5,Inglés V
UT Nuevo Laredo,Ing. En Logística,5,Cuatrimestre 5,Liderazgo de Equipos de Alto Desempeño
UT Nuevo Laredo,Ing. En Logística,5,Cuatrimestre 5,Operaciones de Comercio Exterior
UT Nuevo Laredo,Ing. En Logística,5,Cuatrimestre 5,Proyecto Integrador II
UT Nuevo Laredo,Ing. En Logística,5,Cuatrimestre 5,TIC'S Aplicadas a la Cadena de Suministros
UT Nuevo Laredo,Ing. En Logística,6,VI (Estadía TSU),ESTADÍA TSU EN CADENA DE SUMINISTRO
UT Nuevo Laredo,Ing. En Logística,7,Cuatrimestre 7,Diseño de Redes Logísticas
UT Nuevo Laredo,Ing. En Logística,7,Cuatrimestre 7,Habilidades Gerenciales
UT Nuevo Laredo,Ing. En Logística,7,Cuatrimestre 7,Inglés VI
UT Nuevo Laredo,Ing. En Logística,7,Cuatrimestre 7,Investigación de Operación Logísticas
UT Nuevo Laredo,Ing. En Logística,7,Cuatrimestre 7,Logística de Producción
UT Nuevo Laredo,Ing. En Logística,7,Cuatrimestre 7,Optativa I
UT Nuevo Laredo,Ing. En Logística,7,Cuatrimestre 7,Sostenibilidad Ambiental en la Cadena de Suministros
UT Nuevo Laredo,Ing. En Logística,8,Cuatrimestre 8,Administración de Operaciones Logísticas
UT Nuevo Laredo,Ing. En Logística,8,Cuatrimestre 8,Gestión del Comercio Internacional
UT Nuevo Laredo,Ing. En Logística,8,Cuatrimestre 8,Inglés VII
UT Nuevo Laredo,Ing. En Logística,8,Cuatrimestre 8,Optativa II
UT Nuevo Laredo,Ing. En Logística,8,Cuatrimestre 8,Planeación y Organización del Trabajo
UT Nuevo Laredo,Ing. En Logística,8,Cuatrimestre 8,Seguridad de la Cadena de Suministros
UT Nuevo Laredo,Ing. En Logística,8,Cuatrimestre 8,Simulación de Procesos Logísticos
UT Nuevo Laredo,Ing. En Logística,9,Cuatrimestre 9,Análisis de Datos para la Toma de Decisiones
UT Nuevo Laredo,Ing. En Logística,9,Cuatrimestre 9,Ingeniería Económica
UT Nuevo Laredo,Ing. En Logística,9,Cuatrimestre 9,Inglés VIII
UT Nuevo Laredo,Ing. En Logística,9,Cuatrimestre 9,Optativa III (Economía Circular)
UT Nuevo Laredo,Ing. En Logística,9,Cuatrimestre 9,Planeación Estratégica
UT Nuevo Laredo,Ing. En Logística,9,Cuatrimestre 9,Proyecto Integrador III
UT Nuevo Laredo,Ing. En Logística,9,Cuatrimestre 9,Tendencia de la Cadena de Suministros
UT Nuevo Laredo,Ing. En Logística,10,X (Estadía Ingeniería),ESTADÍA LICENCIATURA EN INGENIERÍA EN LOGÍSTICA
UT Nuevo Laredo,Ing. En Logística (Bis),1,Cuatrimestre 1,Administración y Principios de Economía
UT Nuevo Laredo,Ing. En Logística (Bis),1,Cuatrimestre 1,Comunicación y Habilidades Digitales
UT Nuevo Laredo,Ing. En Logística (Bis),1,Cuatrimestre 1,Desarrollo Humano y Valores
UT Nuevo Laredo,Ing. En Logística (Bis),1,Cuatrimestre 1,Fundamentos Matemáticos
UT Nuevo Laredo,Ing. En Logística (Bis),1,Cuatrimestre 1,Fundamentos de la Cadena de Suministros
UT Nuevo Laredo,Ing. En Logística (Bis),1,Cuatrimestre 1,Inglés I
UT Nuevo Laredo,Ing. En Logística (Bis),1,Cuatrimestre 1,Probabilidad y Estadística
UT Nuevo Laredo,Ing. En Logística (Bis),2,Cuatrimestre 2,Cálculo Diferencial
UT Nuevo Laredo,Ing. En Logística (Bis),2,Cuatrimestre 2,Física
UT Nuevo Laredo,Ing. En Logística (Bis),2,Cuatrimestre 2,Gestión de Almacén
UT Nuevo Laredo,Ing. En Logística (Bis),2,Cuatrimestre 2,Habilidades Socioemocionales y Manejo de Conflictos
UT Nuevo Laredo,Ing. En Logística (Bis),2,Cuatrimestre 2,Inglés II
UT Nuevo Laredo,Ing. En Logística (Bis),2,Cuatrimestre 2,Logística de Abastecimiento
UT Nuevo Laredo,Ing. En Logística (Bis),2,Cuatrimestre 2,Marco Regulatorio del Comercio Internacional
UT Nuevo Laredo,Ing. En Logística (Bis),3,Cuatrimestre 3,Calidad en la Cadena de Suministros
UT Nuevo Laredo,Ing. En Logística (Bis),3,Cuatrimestre 3,Costos y Presupuestos Logísticos
UT Nuevo Laredo,Ing. En Logística (Bis),3,Cuatrimestre 3,Cálculo Integral
UT Nuevo Laredo,Ing. En Logística (Bis),3,Cuatrimestre 3,Desarrollo del Pensamiento y Toma de Decisiones
UT Nuevo Laredo,Ing. En Logística (Bis),3,Cuatrimestre 3,Inglés III
UT Nuevo Laredo,Ing. En Logística (Bis),3,Cuatrimestre 3,Proyecto Integrador I
UT Nuevo Laredo,Ing. En Logística (Bis),3,Cuatrimestre 3,Tráfico y Sistemas de Transporte
UT Nuevo Laredo,Ing. En Logística (Bis),4,Cuatrimestre 4,Administración de Materiales de Producción
UT Nuevo Laredo,Ing. En Logística (Bis),4,Cuatrimestre 4,Administración y Control de Inventarios
UT Nuevo Laredo,Ing. En Logística (Bis),4,Cuatrimestre 4,Cálculo de varias variables
UT Nuevo Laredo,Ing. En Logística (Bis),4,Cuatrimestre 4,Geografía e Infraestructura Logística
UT Nuevo Laredo,Ing. En Logística (Bis),4,Cuatrimestre 4,Inglés IV
UT Nuevo Laredo,Ing. En Logística (Bis),4,Cuatrimestre 4,Pronósticos en la Cadena de Suministros
UT Nuevo Laredo,Ing. En Logística (Bis),4,Cuatrimestre 4,Ética Profesional
UT Nuevo Laredo,Ing. En Logística (Bis),5,Cuatrimestre 5,Ecuaciones Diferenciales
UT Nuevo Laredo,Ing. En Logística (Bis),5,Cuatrimestre 5,Gestión de la Cadena de Suministro
UT Nuevo Laredo,Ing. En Logística (Bis),5,Cuatrimestre 5,Inglés V
UT Nuevo Laredo,Ing. En Logística (Bis),5,Cuatrimestre 5,Liderazgo de Equipos de Alto Desempeño
UT Nuevo Laredo,Ing. En Logística (Bis),5,Cuatrimestre 5,Operaciones de Comercio Exterior
UT Nuevo Laredo,Ing. En Logística (Bis),5,Cuatrimestre 5,Proyecto Integrador II
UT Nuevo Laredo,Ing. En Logística (Bis),5,Cuatrimestre 5,TIC'S Aplicadas a la Cadena de Suministros
UT Nuevo Laredo,Ing. En Logística (Bis),6,VI (Estadía TSU),ESTADÍA TSU EN CADENA DE SUMINISTRO
UT Nuevo Laredo,Ing. En Logística (Bis),7,Cuatrimestre 7,Diseño de Redes Logísticas
UT Nuevo Laredo,Ing. En Logística (Bis),7,Cuatrimestre 7,Habilidades Gerenciales
UT Nuevo Laredo,Ing. En Logística (Bis),7,Cuatrimestre 7,Inglés VI
UT Nuevo Laredo,Ing. En Logística (Bis),7,Cuatrimestre 7,Investigación de Operación Logísticas
UT Nuevo Laredo,Ing. En Logística (Bis),7,Cuatrimestre 7,Logística de Producción
UT Nuevo Laredo,Ing. En Logística (Bis),7,Cuatrimestre 7,Optativa I
UT Nuevo Laredo,Ing. En Logística (Bis),7,Cuatrimestre 7,Sostenibilidad Ambiental en la Cadena de Suministros
UT Nuevo Laredo,Ing. En Logística (Bis),8,Cuatrimestre 8,Administración de Operaciones Logísticas
UT Nuevo Laredo,Ing. En Logística (Bis),8,Cuatrimestre 8,Gestión del Comercio Internacional
UT Nuevo Laredo,Ing. En Logística (Bis),8,Cuatrimestre 8,Inglés VII
UT Nuevo Laredo,Ing. En Logística (Bis),8,Cuatrimestre 8,Optativa II
UT Nuevo Laredo,Ing. En Logística (Bis),8,Cuatrimestre 8,Planeación y Organización del Trabajo
UT Nuevo Laredo,Ing. En Logística (Bis),8,Cuatrimestre 8,Seguridad de la Cadena de Suministros
UT Nuevo Laredo,Ing. En Logística (Bis),8,Cuatrimestre 8,Simulación de Procesos Logísticos
UT Nuevo Laredo,Ing. En Logística (Bis),9,Cuatrimestre 9,Análisis de Datos para la Toma de Decisiones
UT Nuevo Laredo,Ing. En Logística (Bis),9,Cuatrimestre 9,Ingeniería Económica
UT Nuevo Laredo,Ing. En Logística (Bis),9,Cuatrimestre 9,Inglés VIII
UT Nuevo Laredo,Ing. En Logística (Bis),9,Cuatrimestre 9,Optativa III (Economía Circular)
UT Nuevo Laredo,Ing. En Logística (Bis),9,Cuatrimestre 9,Planeación Estratégica
UT Nuevo Laredo,Ing. En Logística (Bis),9,Cuatrimestre 9,Proyecto Integrador III
UT Nuevo Laredo,Ing. En Logística (Bis),9,Cuatrimestre 9,Tendencia de la Cadena de Suministros
UT Nuevo Laredo,Ing. En Logística (Bis),10,X (Estadía Ingeniería),ESTADÍA LICENCIATURA EN INGENIERÍA EN LOGÍSTICA
UT Nuevo Laredo,Ing. En Logística Internacional,1,Cuatrimestre 1,Comunicación y Habilidades Digitales
UT Nuevo Laredo,Ing. En Logística Internacional,1,Cuatrimestre 1,Desarrollo Humano y Valores
UT Nuevo Laredo,Ing. En Logística Internacional,1,Cuatrimestre 1,Economía Internacional
UT Nuevo Laredo,Ing. En Logística Internacional,1,Cuatrimestre 1,Estructura Organizacional
UT Nuevo Laredo,Ing. En Logística Internacional,1,Cuatrimestre 1,Fundamentos Matemáticos
UT Nuevo Laredo,Ing. En Logística Internacional,1,Cuatrimestre 1,Inglés I
UT Nuevo Laredo,Ing. En Logística Internacional,1,Cuatrimestre 1,Normatividad Aplicada al Comercio Exterior I
UT Nuevo Laredo,Ing. En Logística Internacional,2,Cuatrimestre 2,Clasificación Arancelaria I
UT Nuevo Laredo,Ing. En Logística Internacional,2,Cuatrimestre 2,Cálculo Diferencial
UT Nuevo Laredo,Ing. En Logística Internacional,2,Cuatrimestre 2,Fundamentos de Logística
UT Nuevo Laredo,Ing. En Logística Internacional,2,Cuatrimestre 2,Habilidades Socioemocionales y Manejo de Conflictos
UT Nuevo Laredo,Ing. En Logística Internacional,2,Cuatrimestre 2,Mercadotecnia Internacional
UT Nuevo Laredo,Ing. En Logística Internacional,2,Cuatrimestre 2,Normatividad Aplicada al Comercio Exterior II
UT Nuevo Laredo,Ing. En Logística Internacional,3,Cuatrimestre 3,Administración de Ventas
UT Nuevo Laredo,Ing. En Logística Internacional,3,Cuatrimestre 3,Clasificación Arancelaria II
UT Nuevo Laredo,Ing. En Logística Internacional,3,Cuatrimestre 3,Cálculo Integral
UT Nuevo Laredo,Ing. En Logística Internacional,3,Cuatrimestre 3,Desarrollo del Pensamiento y Toma de Decisiones
UT Nuevo Laredo,Ing. En Logística Internacional,3,Cuatrimestre 3,Física
UT Nuevo Laredo,Ing. En Logística Internacional,3,Cuatrimestre 3,Inglés III
UT Nuevo Laredo,Ing. En Logística Internacional,3,Cuatrimestre 3,Proyecto Integrador I
UT Nuevo Laredo,Ing. En Logística Internacional,4,Cuatrimestre 4,Clasificación Arancelaria III
UT Nuevo Laredo,Ing. En Logística Internacional,4,Cuatrimestre 4,Cálculo de Varias Variables
UT Nuevo Laredo,Ing. En Logística Internacional,4,Cuatrimestre 4,Inglés IV
UT Nuevo Laredo,Ing. En Logística Internacional,4,Cuatrimestre 4,Presupuestos Logísticos
UT Nuevo Laredo,Ing. En Logística Internacional,4,Cuatrimestre 4,Probabilidad y Estadística
UT Nuevo Laredo,Ing. En Logística Internacional,4,Cuatrimestre 4,Trámites Legales Aplicados
UT Nuevo Laredo,Ing. En Logística Internacional,4,Cuatrimestre 4,Ética Profesional
UT Nuevo Laredo,Ing. En Logística Internacional,5,Cuatrimestre 5,Contribuciones al Comercio Exterior
UT Nuevo Laredo,Ing. En Logística Internacional,5,Cuatrimestre 5,Ecuaciones Diferenciales
UT Nuevo Laredo,Ing. En Logística Internacional,5,Cuatrimestre 5,Inglés V
UT Nuevo Laredo,Ing. En Logística Internacional,5,Cuatrimestre 5,Liderazgo de Equipos de Alto Desempeño
UT Nuevo Laredo,Ing. En Logística Internacional,5,Cuatrimestre 5,Pedimento y su Legislación
UT Nuevo Laredo,Ing. En Logística Internacional,5,Cuatrimestre 5,Proyecto Integrador II
UT Nuevo Laredo,Ing. En Logística Internacional,5,Cuatrimestre 5,Seguimiento Logístico
UT Nuevo Laredo,Ing. En Logística Internacional,6,VI (Estadía TSU),ESTADÍA TSU EN OPERACIONES LOGÍSTICAS Y COMERCIO EXTERIOR
UT Nuevo Laredo,Ing. En Logística Internacional,7,Cuatrimestre 7,Contabilidad Básica
UT Nuevo Laredo,Ing. En Logística Internacional,7,Cuatrimestre 7,"Envase, Empaque, Embalaje"
UT Nuevo Laredo,Ing. En Logística Internacional,7,Cuatrimestre 7,Gestión de Cadena de Suministro
UT Nuevo Laredo,Ing. En Logística Internacional,7,Cuatrimestre 7,Gestión de Operación Aduanera
UT Nuevo Laredo,Ing. En Logística Internacional,7,Cuatrimestre 7,Habilidades Gerenciales
UT Nuevo Laredo,Ing. En Logística Internacional,7,Cuatrimestre 7,Inglés VI
UT Nuevo Laredo,Ing. En Logística Internacional,7,Cuatrimestre 7,Seguridad en la Cadena de Suministro
UT Nuevo Laredo,Ing. En Logística Internacional,8,Cuatrimestre 8,Administración de Operaciones de Tráfico I
UT Nuevo Laredo,Ing. En Logística Internacional,8,Cuatrimestre 8,Administración de Sistemas Logísticos
UT Nuevo Laredo,Ing. En Logística Internacional,8,Cuatrimestre 8,Cumplimiento Normativo
UT Nuevo Laredo,Ing. En Logística Internacional,8,Cuatrimestre 8,Finanzas Internacionales
UT Nuevo Laredo,Ing. En Logística Internacional,8,Cuatrimestre 8,Inglés VII
UT Nuevo Laredo,Ing. En Logística Internacional,8,Cuatrimestre 8,Investigación de Operaciones
UT Nuevo Laredo,Ing. En Logística Internacional,8,Cuatrimestre 8,Metodología de la Investigación
UT Nuevo Laredo,Ing. En Logística Internacional,9,Cuatrimestre 9,Administración de Proyectos con Enfoque Sostenible
UT Nuevo Laredo,Ing. En Logística Internacional,9,Cuatrimestre 9,Administración de operaciones de tráfico II
UT Nuevo Laredo,Ing. En Logística Internacional,9,Cuatrimestre 9,Gestión de la calidad en la Logística
UT Nuevo Laredo,Ing. En Logística Internacional,9,Cuatrimestre 9,"Infracciones, sanciones y medios de defensa"
UT Nuevo Laredo,Ing. En Logística Internacional,9,Cuatrimestre 9,Inglés VIII
UT Nuevo Laredo,Ing. En Logística Internacional,9,Cuatrimestre 9,Logística de Transporte
UT Nuevo Laredo,Ing. En Logística Internacional,9,Cuatrimestre 9,Proyecto Integrador III
UT Nuevo Laredo,Ing. En Logística Internacional,10,X (Estadía Ingeniería),ESTADÍA LICENCIATURA EN INGENIERÍA EN LOGÍSTICA INTERNACIONAL
UT Nuevo Laredo,Ing. En Mantenimiento Industrial,1,Cuatrimestre 1,Comunicación y habilidades digitales
UT Nuevo Laredo,Ing. En Mantenimiento Industrial,1,Cuatrimestre 1,Desarrollo humano y valores
UT Nuevo Laredo,Ing. En Mantenimiento Industrial,1,Cuatrimestre 1,Dibujo industrial
UT Nuevo Laredo,Ing. En Mantenimiento Industrial,1,Cuatrimestre 1,Fundamentos de mantenimiento
UT Nuevo Laredo,Ing. En Mantenimiento Industrial,1,Cuatrimestre 1,Fundamentos matemáticos
UT Nuevo Laredo,Ing. En Mantenimiento Industrial,1,Cuatrimestre 1,Inglés I
UT Nuevo Laredo,Ing. En Mantenimiento Industrial,1,Cuatrimestre 1,Seguridad industrial
UT Nuevo Laredo,Ing. En Mantenimiento Industrial,2,Cuatrimestre 2,Cálculo diferencial
UT Nuevo Laredo,Ing. En Mantenimiento Industrial,2,Cuatrimestre 2,Física
UT Nuevo Laredo,Ing. En Mantenimiento Industrial,2,Cuatrimestre 2,Gestión del mantenimiento
UT Nuevo Laredo,Ing. En Mantenimiento Industrial,2,Cuatrimestre 2,Habilidades socioemocionales y manejo de conflictos
UT Nuevo Laredo,Ing. En Mantenimiento Industrial,2,Cuatrimestre 2,Inglés II
UT Nuevo Laredo,Ing. En Mantenimiento Industrial,2,Cuatrimestre 2,Probabilidad y estadística
UT Nuevo Laredo,Ing. En Mantenimiento Industrial,2,Cuatrimestre 2,Termodinámica
UT Nuevo Laredo,Ing. En Mantenimiento Industrial,3,Cuatrimestre 3,Cálculo integral
UT Nuevo Laredo,Ing. En Mantenimiento Industrial,3,Cuatrimestre 3,Desarrollo del pensamiento y toma de decisiones
UT Nuevo Laredo,Ing. En Mantenimiento Industrial,3,Cuatrimestre 3,Electrónica analógica
UT Nuevo Laredo,Ing. En Mantenimiento Industrial,3,Cuatrimestre 3,Inglés III
UT Nuevo Laredo,Ing. En Mantenimiento Industrial,3,Cuatrimestre 3,Máquinas y mecanismos
UT Nuevo Laredo,Ing. En Mantenimiento Industrial,3,Cuatrimestre 3,Proyecto integrador I
UT Nuevo Laredo,Ing. En Mantenimiento Industrial,3,Cuatrimestre 3,Sistemas eléctricos
UT Nuevo Laredo,Ing. En Mantenimiento Industrial,4,Cuatrimestre 4,Aire acondicionado y refrigeración
UT Nuevo Laredo,Ing. En Mantenimiento Industrial,4,Cuatrimestre 4,Cálculo de varias variables
UT Nuevo Laredo,Ing. En Mantenimiento Industrial,4,Cuatrimestre 4,Electrónica digital
UT Nuevo Laredo,Ing. En Mantenimiento Industrial,4,Cuatrimestre 4,Inglés IV
UT Nuevo Laredo,Ing. En Mantenimiento Industrial,4,Cuatrimestre 4,Mantenimiento a sistemas eléctricos
UT Nuevo Laredo,Ing. En Mantenimiento Industrial,4,Cuatrimestre 4,Sistemas neumáticos e hidráulicos
UT Nuevo Laredo,Ing. En Mantenimiento Industrial,4,Cuatrimestre 4,Ética profesional
UT Nuevo Laredo,Ing. En Mantenimiento Industrial,5,Cuatrimestre 5,Automatización de infraestructura y telecomunicaciones
UT Nuevo Laredo,Ing. En Mantenimiento Industrial,5,Cuatrimestre 5,Ciencia de los materiales
UT Nuevo Laredo,Ing. En Mantenimiento Industrial,5,Cuatrimestre 5,Ecuaciones diferenciales
UT Nuevo Laredo,Ing. En Mantenimiento Industrial,5,Cuatrimestre 5,Inglés V
UT Nuevo Laredo,Ing. En Mantenimiento Industrial,5,Cuatrimestre 5,Liderazgo de equipos de alto desempeño
UT Nuevo Laredo,Ing. En Mantenimiento Industrial,5,Cuatrimestre 5,Mantenimiento a servicios industriales
UT Nuevo Laredo,Ing. En Mantenimiento Industrial,5,Cuatrimestre 5,Proyecto integrador II
UT Nuevo Laredo,Ing. En Mantenimiento Industrial,6,VI (Estadía TSU),ESTADÍA TSU EN MANTENIMIENTO A INSTALACIONES
UT Nuevo Laredo,Ing. En Mantenimiento Industrial,7,Cuatrimestre 7,Administración estratégica para mantenimiento
UT Nuevo Laredo,Ing. En Mantenimiento Industrial,7,Cuatrimestre 7,Física para ingeniería
UT Nuevo Laredo,Ing. En Mantenimiento Industrial,7,Cuatrimestre 7,Habilidades gerenciales
UT Nuevo Laredo,Ing. En Mantenimiento Industrial,7,Cuatrimestre 7,Inglés VI
UT Nuevo Laredo,Ing. En Mantenimiento Industrial,7,Cuatrimestre 7,Instalaciones eléctricas
UT Nuevo Laredo,Ing. En Mantenimiento Industrial,7,Cuatrimestre 7,Métodos y sistemas de trabajo
UT Nuevo Laredo,Ing. En Mantenimiento Industrial,7,Cuatrimestre 7,Tribología
UT Nuevo Laredo,Ing. En Mantenimiento Industrial,8,Cuatrimestre 8,Ensayos destructivos
UT Nuevo Laredo,Ing. En Mantenimiento Industrial,8,Cuatrimestre 8,Ingeniería económica
UT Nuevo Laredo,Ing. En Mantenimiento Industrial,8,Cuatrimestre 8,Inglés VII
UT Nuevo Laredo,Ing. En Mantenimiento Industrial,8,Cuatrimestre 8,Mantenimiento predictivo mecánico
UT Nuevo Laredo,Ing. En Mantenimiento Industrial,8,Cuatrimestre 8,Protocolos de operación y mantenimiento
UT Nuevo Laredo,Ing. En Mantenimiento Industrial,8,Cuatrimestre 8,Sistemas automatizados y redes industriales
UT Nuevo Laredo,Ing. En Mantenimiento Industrial,8,Cuatrimestre 8,Técnicas TPM y RCM
UT Nuevo Laredo,Ing. En Mantenimiento Industrial,9,Cuatrimestre 9,Ensayos no destructivos
UT Nuevo Laredo,Ing. En Mantenimiento Industrial,9,Cuatrimestre 9,Gestión ambiental
UT Nuevo Laredo,Ing. En Mantenimiento Industrial,9,Cuatrimestre 9,Gestión del talento humano
UT Nuevo Laredo,Ing. En Mantenimiento Industrial,9,Cuatrimestre 9,Inglés VIII
UT Nuevo Laredo,Ing. En Mantenimiento Industrial,9,Cuatrimestre 9,Manufactura asistida por computadora
UT Nuevo Laredo,Ing. En Mantenimiento Industrial,9,Cuatrimestre 9,Proyecto integrador III
UT Nuevo Laredo,Ing. En Mantenimiento Industrial,9,Cuatrimestre 9,Visualización y control de procesos
UT Nuevo Laredo,Ing. En Mantenimiento Industrial,10,X (Estadía Ingeniería),ESTADÍA LICENCIATURA EN INGENIERÍA EN MANTENIMIENTO INDUSTRIAL
UT Nuevo Laredo,Ing. En Mecatrónica,1,Cuatrimestre 1,Comunicación y habilidades digitales
UT Nuevo Laredo,Ing. En Mecatrónica,1,Cuatrimestre 1,Desarrollo humano y valores
UT Nuevo Laredo,Ing. En Mecatrónica,1,Cuatrimestre 1,Fundamentos matemáticos
UT Nuevo Laredo,Ing. En Mecatrónica,1,Cuatrimestre 1,Inglés I
UT Nuevo Laredo,Ing. En Mecatrónica,1,Cuatrimestre 1,Metodología de la programación
UT Nuevo Laredo,Ing. En Mecatrónica,1,Cuatrimestre 1,Metrología
UT Nuevo Laredo,Ing. En Mecatrónica,1,Cuatrimestre 1,Procesos industriales
UT Nuevo Laredo,Ing. En Mecatrónica,2,Cuatrimestre 2,Circuitos eléctricos
UT Nuevo Laredo,Ing. En Mecatrónica,2,Cuatrimestre 2,Cálculo diferencial
UT Nuevo Laredo,Ing. En Mecatrónica,2,Cuatrimestre 2,Dibujo para ingeniería
UT Nuevo Laredo,Ing. En Mecatrónica,2,Cuatrimestre 2,Física
UT Nuevo Laredo,Ing. En Mecatrónica,2,Cuatrimestre 2,Habilidades socioemocionales y manejo de conflictos
UT Nuevo Laredo,Ing. En Mecatrónica,2,Cuatrimestre 2,Inglés II
UT Nuevo Laredo,Ing. En Mecatrónica,2,Cuatrimestre 2,Probabilidad y estadística
UT Nuevo Laredo,Ing. En Mecatrónica,3,Cuatrimestre 3,Cálculo integral
UT Nuevo Laredo,Ing. En Mecatrónica,3,Cuatrimestre 3,Desarrollo del pensamiento y toma de decisiones
UT Nuevo Laredo,Ing. En Mecatrónica,3,Cuatrimestre 3,Electrónica analógica y de potencia
UT Nuevo Laredo,Ing. En Mecatrónica,3,Cuatrimestre 3,Electrónica digital
UT Nuevo Laredo,Ing. En Mecatrónica,3,Cuatrimestre 3,Elementos mecánicos
UT Nuevo Laredo,Ing. En Mecatrónica,3,Cuatrimestre 3,Inglés III
UT Nuevo Laredo,Ing. En Mecatrónica,3,Cuatrimestre 3,Proyecto integrador I
UT Nuevo Laredo,Ing. En Mecatrónica,4,Cuatrimestre 4,Control de motores eléctricos
UT Nuevo Laredo,Ing. En Mecatrónica,4,Cuatrimestre 4,Cálculo de varias variables
UT Nuevo Laredo,Ing. En Mecatrónica,4,Cuatrimestre 4,Estructura y propiedades de los materiales
UT Nuevo Laredo,Ing. En Mecatrónica,4,Cuatrimestre 4,Inglés IV
UT Nuevo Laredo,Ing. En Mecatrónica,4,Cuatrimestre 4,Instrumentación industrial
UT Nuevo Laredo,Ing. En Mecatrónica,4,Cuatrimestre 4,Sistemas neumáticos e hidráulicos
UT Nuevo Laredo,Ing. En Mecatrónica,4,Cuatrimestre 4,Ética profesional
UT Nuevo Laredo,Ing. En Mecatrónica,5,Cuatrimestre 5,Controladores lógicos programables
UT Nuevo Laredo,Ing. En Mecatrónica,5,Cuatrimestre 5,Ecuaciones diferenciales
UT Nuevo Laredo,Ing. En Mecatrónica,5,Cuatrimestre 5,Implementación de sistemas automáticos
UT Nuevo Laredo,Ing. En Mecatrónica,5,Cuatrimestre 5,Inglés V
UT Nuevo Laredo,Ing. En Mecatrónica,5,Cuatrimestre 5,Liderazgo de equipos de alto desempeño
UT Nuevo Laredo,Ing. En Mecatrónica,5,Cuatrimestre 5,Procesos de manufactura
UT Nuevo Laredo,Ing. En Mecatrónica,6,VI (Estadía TSU),ESTADÍA TSU EN AUTOMATIZACIÓN
UT Nuevo Laredo,Ing. En Mecatrónica,7,Cuatrimestre 7,Análisis de mecanismos
UT Nuevo Laredo,Ing. En Mecatrónica,7,Cuatrimestre 7,Cinemática y dinámica de robots
UT Nuevo Laredo,Ing. En Mecatrónica,7,Cuatrimestre 7,Habilidades gerenciales
UT Nuevo Laredo,Ing. En Mecatrónica,7,Cuatrimestre 7,Inglés VI
UT Nuevo Laredo,Ing. En Mecatrónica,7,Cuatrimestre 7,Instrumentación virtual
UT Nuevo Laredo,Ing. En Mecatrónica,7,Cuatrimestre 7,Modelado y simulación de sistemas
UT Nuevo Laredo,Ing. En Mecatrónica,7,Cuatrimestre 7,Sistemas embebidos
UT Nuevo Laredo,Ing. En Mecatrónica,8,Cuatrimestre 8,Diseño asistido por computadora
UT Nuevo Laredo,Ing. En Mecatrónica,8,Cuatrimestre 8,Diseño de sistemas mecatrónicos
UT Nuevo Laredo,Ing. En Mecatrónica,8,Cuatrimestre 8,Diseño mecánico
UT Nuevo Laredo,Ing. En Mecatrónica,8,Cuatrimestre 8,Ingeniería de control
UT Nuevo Laredo,Ing. En Mecatrónica,8,Cuatrimestre 8,Inglés VII
UT Nuevo Laredo,Ing. En Mecatrónica,8,Cuatrimestre 8,Programación de robots industriales
UT Nuevo Laredo,Ing. En Mecatrónica,8,Cuatrimestre 8,Sistemas CAM CNC
UT Nuevo Laredo,Ing. En Mecatrónica,9,Cuatrimestre 9,Administración de mantenimiento
UT Nuevo Laredo,Ing. En Mecatrónica,9,Cuatrimestre 9,Control avanzado
UT Nuevo Laredo,Ing. En Mecatrónica,9,Cuatrimestre 9,Ingeniería asistida por computadora
UT Nuevo Laredo,Ing. En Mecatrónica,9,Cuatrimestre 9,Inglés VIII
UT Nuevo Laredo,Ing. En Mecatrónica,9,Cuatrimestre 9,Proyecto integrador III
UT Nuevo Laredo,Ing. En Mecatrónica,9,Cuatrimestre 9,Sistemas de manufactura flexible
UT Nuevo Laredo,Ing. En Mecatrónica,9,Cuatrimestre 9,Sistemas eléctricos industriales
UT Nuevo Laredo,Ing. En Mecatrónica,10,X (Estadía Ingeniería),ESTADÍA LICENCIATURA EN INGENIERÍA MECATRÓNICA
UT Nuevo Laredo,Ing. En Ti E Innovación Digital,1,Cuatrimestre 1,Comunicación y habilidades digitales
UT Nuevo Laredo,Ing. En Ti E Innovación Digital,1,Cuatrimestre 1,Desarrollo humano y valores
UT Nuevo Laredo,Ing. En Ti E Innovación Digital,1,Cuatrimestre 1,Fundamentos de programación
UT Nuevo Laredo,Ing. En Ti E Innovación Digital,1,Cuatrimestre 1,Fundamentos de redes
UT Nuevo Laredo,Ing. En Ti E Innovación Digital,1,Cuatrimestre 1,Fundamentos matemáticos
UT Nuevo Laredo,Ing. En Ti E Innovación Digital,1,Cuatrimestre 1,Física
UT Nuevo Laredo,Ing. En Ti E Innovación Digital,1,Cuatrimestre 1,Inglés I
UT Nuevo Laredo,Ing. En Ti E Innovación Digital,2,Cuatrimestre 2,Conmutación y enrutamiento de redes
UT Nuevo Laredo,Ing. En Ti E Innovación Digital,2,Cuatrimestre 2,Cálculo diferencial
UT Nuevo Laredo,Ing. En Ti E Innovación Digital,2,Cuatrimestre 2,Habilidades socioemocionales y manejo de conflictos
UT Nuevo Laredo,Ing. En Ti E Innovación Digital,2,Cuatrimestre 2,Inglés II
UT Nuevo Laredo,Ing. En Ti E Innovación Digital,2,Cuatrimestre 2,Probabilidad y estadística
UT Nuevo Laredo,Ing. En Ti E Innovación Digital,2,Cuatrimestre 2,Programación estructurada
UT Nuevo Laredo,Ing. En Ti E Innovación Digital,2,Cuatrimestre 2,Sistemas operativos
UT Nuevo Laredo,Ing. En Ti E Innovación Digital,3,Cuatrimestre 3,Bases de datos
UT Nuevo Laredo,Ing. En Ti E Innovación Digital,3,Cuatrimestre 3,Cálculo integral
UT Nuevo Laredo,Ing. En Ti E Innovación Digital,3,Cuatrimestre 3,Desarrollo del pensamiento y toma de decisiones
UT Nuevo Laredo,Ing. En Ti E Innovación Digital,3,Cuatrimestre 3,Inglés III
UT Nuevo Laredo,Ing. En Ti E Innovación Digital,3,Cuatrimestre 3,Programación orientada a objetos
UT Nuevo Laredo,Ing. En Ti E Innovación Digital,3,Cuatrimestre 3,Proyecto integrador I
UT Nuevo Laredo,Ing. En Ti E Innovación Digital,3,Cuatrimestre 3,Tópicos de calidad para el diseño de software
UT Nuevo Laredo,Ing. En Ti E Innovación Digital,4,Cuatrimestre 4,Aprendizaje profundo Deep Learning
UT Nuevo Laredo,Ing. En Ti E Innovación Digital,4,Cuatrimestre 4,Cálculo de varias variables
UT Nuevo Laredo,Ing. En Ti E Innovación Digital,4,Cuatrimestre 4,Inglés IV
UT Nuevo Laredo,Ing. En Ti E Innovación Digital,4,Cuatrimestre 4,Metodología No Code
UT Nuevo Laredo,Ing. En Ti E Innovación Digital,4,Cuatrimestre 4,Sistemas de optimización inteligente
UT Nuevo Laredo,Ing. En Ti E Innovación Digital,4,Cuatrimestre 4,Sistemas embebidos
UT Nuevo Laredo,Ing. En Ti E Innovación Digital,4,Cuatrimestre 4,Ética profesional
UT Nuevo Laredo,Ing. En Ti E Innovación Digital,5,Cuatrimestre 5,Aprendizaje de máquina
UT Nuevo Laredo,Ing. En Ti E Innovación Digital,5,Cuatrimestre 5,Ecuaciones diferenciales
UT Nuevo Laredo,Ing. En Ti E Innovación Digital,5,Cuatrimestre 5,Fundamentos de visión por computadora
UT Nuevo Laredo,Ing. En Ti E Innovación Digital,5,Cuatrimestre 5,Inglés V
UT Nuevo Laredo,Ing. En Ti E Innovación Digital,5,Cuatrimestre 5,Liderazgo de equipos de alto desempeño
UT Nuevo Laredo,Ing. En Ti E Innovación Digital,5,Cuatrimestre 5,Minería de datos
UT Nuevo Laredo,Ing. En Ti E Innovación Digital,5,Cuatrimestre 5,Proyecto integrador II
UT Nuevo Laredo,Ing. En Ti E Innovación Digital,6,VI (Estadía TSU),ESTADÍA TSU EN INTELIGENCIA ARTIFICIAL
UT Nuevo Laredo,Ing. En Ti E Innovación Digital,7,Cuatrimestre 7,Formulación de proyectos de tecnología
UT Nuevo Laredo,Ing. En Ti E Innovación Digital,7,Cuatrimestre 7,Fundamentos de inteligencia artificial
UT Nuevo Laredo,Ing. En Ti E Innovación Digital,7,Cuatrimestre 7,Habilidades gerenciales
UT Nuevo Laredo,Ing. En Ti E Innovación Digital,7,Cuatrimestre 7,Inglés VI
UT Nuevo Laredo,Ing. En Ti E Innovación Digital,7,Cuatrimestre 7,Optativa I
UT Nuevo Laredo,Ing. En Ti E Innovación Digital,7,Cuatrimestre 7,Seguridad informática
UT Nuevo Laredo,Ing. En Ti E Innovación Digital,7,Cuatrimestre 7,Ética y legislación en tecnologías de la información
UT Nuevo Laredo,Ing. En Ti E Innovación Digital,8,Cuatrimestre 8,Administración de servidores
UT Nuevo Laredo,Ing. En Ti E Innovación Digital,8,Cuatrimestre 8,Electrónica digital
UT Nuevo Laredo,Ing. En Ti E Innovación Digital,8,Cuatrimestre 8,Gestión de proyectos de tecnología
UT Nuevo Laredo,Ing. En Ti E Innovación Digital,8,Cuatrimestre 8,Informática forense
UT Nuevo Laredo,Ing. En Ti E Innovación Digital,8,Cuatrimestre 8,Inglés VII
UT Nuevo Laredo,Ing. En Ti E Innovación Digital,8,Cuatrimestre 8,Optativa II
UT Nuevo Laredo,Ing. En Ti E Innovación Digital,8,Cuatrimestre 8,Programación para inteligencia artificial
UT Nuevo Laredo,Ing. En Ti E Innovación Digital,9,Cuatrimestre 9,Ciencia de datos
UT Nuevo Laredo,Ing. En Ti E Innovación Digital,9,Cuatrimestre 9,Evaluación de proyectos de tecnología
UT Nuevo Laredo,Ing. En Ti E Innovación Digital,9,Cuatrimestre 9,Inglés VIII
UT Nuevo Laredo,Ing. En Ti E Innovación Digital,9,Cuatrimestre 9,Internet de las cosas
UT Nuevo Laredo,Ing. En Ti E Innovación Digital,9,Cuatrimestre 9,Optativa III
UT Nuevo Laredo,Ing. En Ti E Innovación Digital,9,Cuatrimestre 9,Proyecto integrador III
UT Nuevo Laredo,Ing. En Ti E Innovación Digital,9,Cuatrimestre 9,Tecnologías disruptivas
UT Nuevo Laredo,Ing. En Ti E Innovación Digital,10,X (Estadía Ingeniería),ESTADÍA EN LICENCIATURA EN INGENIERÍA EN TECNOLOGÍAS DE LA INFORMACIÓN E INNOVACIÓN DIGITAL
UT Nuevo Laredo,Lic. Negocios Y Mercadotecnia,1,Cuatrimestre 1,Comunicación y habilidades digitales
UT Nuevo Laredo,Lic. Negocios Y Mercadotecnia,1,Cuatrimestre 1,Desarrollo humano y valores
UT Nuevo Laredo,Lic. Negocios Y Mercadotecnia,1,Cuatrimestre 1,Fundamentos de administración y entorno empresarial
UT Nuevo Laredo,Lic. Negocios Y Mercadotecnia,1,Cuatrimestre 1,Informática
UT Nuevo Laredo,Lic. Negocios Y Mercadotecnia,1,Cuatrimestre 1,Inglés I
UT Nuevo Laredo,Lic. Negocios Y Mercadotecnia,1,Cuatrimestre 1,Matemáticas
UT Nuevo Laredo,Lic. Negocios Y Mercadotecnia,1,Cuatrimestre 1,Mercadotecnia
UT Nuevo Laredo,Lic. Negocios Y Mercadotecnia,2,Cuatrimestre 2,Comportamiento del consumidor
UT Nuevo Laredo,Lic. Negocios Y Mercadotecnia,2,Cuatrimestre 2,Contabilidad para negocios
UT Nuevo Laredo,Lic. Negocios Y Mercadotecnia,2,Cuatrimestre 2,Economía
UT Nuevo Laredo,Lic. Negocios Y Mercadotecnia,2,Cuatrimestre 2,Estadística I
UT Nuevo Laredo,Lic. Negocios Y Mercadotecnia,2,Cuatrimestre 2,Habilidades socioemocionales y manejo de conflictos
UT Nuevo Laredo,Lic. Negocios Y Mercadotecnia,2,Cuatrimestre 2,Inglés II
UT Nuevo Laredo,Lic. Negocios Y Mercadotecnia,2,Cuatrimestre 2,Planeación estratégica
UT Nuevo Laredo,Lic. Negocios Y Mercadotecnia,3,Cuatrimestre 3,Desarrollo del pensamiento y toma de decisiones
UT Nuevo Laredo,Lic. Negocios Y Mercadotecnia,3,Cuatrimestre 3,Estadística II
UT Nuevo Laredo,Lic. Negocios Y Mercadotecnia,3,Cuatrimestre 3,Estrategias de producto y precio
UT Nuevo Laredo,Lic. Negocios Y Mercadotecnia,3,Cuatrimestre 3,Inglés III
UT Nuevo Laredo,Lic. Negocios Y Mercadotecnia,3,Cuatrimestre 3,Legislación comercial
UT Nuevo Laredo,Lic. Negocios Y Mercadotecnia,3,Cuatrimestre 3,Proyecto integrador I
UT Nuevo Laredo,Lic. Negocios Y Mercadotecnia,3,Cuatrimestre 3,Sistema de investigación de mercados I
UT Nuevo Laredo,Lic. Negocios Y Mercadotecnia,4,Cuatrimestre 4,Administración del tiempo
UT Nuevo Laredo,Lic. Negocios Y Mercadotecnia,4,Cuatrimestre 4,Administración y estrategias de venta
UT Nuevo Laredo,Lic. Negocios Y Mercadotecnia,4,Cuatrimestre 4,Diseño digital y multimedia
UT Nuevo Laredo,Lic. Negocios Y Mercadotecnia,4,Cuatrimestre 4,Inglés IV
UT Nuevo Laredo,Lic. Negocios Y Mercadotecnia,4,Cuatrimestre 4,Mezcla promocional
UT Nuevo Laredo,Lic. Negocios Y Mercadotecnia,4,Cuatrimestre 4,Sistema de investigación de mercados II
UT Nuevo Laredo,Lic. Negocios Y Mercadotecnia,4,Cuatrimestre 4,Ética profesional
UT Nuevo Laredo,Lic. Negocios Y Mercadotecnia,5,Cuatrimestre 5,Inglés V
UT Nuevo Laredo,Lic. Negocios Y Mercadotecnia,5,Cuatrimestre 5,Liderazgo de equipos de alto desempeño
UT Nuevo Laredo,Lic. Negocios Y Mercadotecnia,5,Cuatrimestre 5,Logística y distribución
UT Nuevo Laredo,Lic. Negocios Y Mercadotecnia,5,Cuatrimestre 5,Mercadotecnia digital I
UT Nuevo Laredo,Lic. Negocios Y Mercadotecnia,5,Cuatrimestre 5,Mercadotecnia estratégica
UT Nuevo Laredo,Lic. Negocios Y Mercadotecnia,5,Cuatrimestre 5,Metodología de la investigación
UT Nuevo Laredo,Lic. Negocios Y Mercadotecnia,5,Cuatrimestre 5,Proyecto integrador II
UT Nuevo Laredo,Lic. Negocios Y Mercadotecnia,6,VI (Estadía TSU),ESTADÍA TSU EN MERCADOTECNIA
UT Nuevo Laredo,Lic. Negocios Y Mercadotecnia,7,Cuatrimestre 7,Desarrollo de nuevos productos
UT Nuevo Laredo,Lic. Negocios Y Mercadotecnia,7,Cuatrimestre 7,Estadística aplicada a los negocios
UT Nuevo Laredo,Lic. Negocios Y Mercadotecnia,7,Cuatrimestre 7,Habilidades gerenciales
UT Nuevo Laredo,Lic. Negocios Y Mercadotecnia,7,Cuatrimestre 7,Inglés VI
UT Nuevo Laredo,Lic. Negocios Y Mercadotecnia,7,Cuatrimestre 7,Mercadotecnia digital II
UT Nuevo Laredo,Lic. Negocios Y Mercadotecnia,7,Cuatrimestre 7,Planeación y organización del trabajo
UT Nuevo Laredo,Lic. Negocios Y Mercadotecnia,7,Cuatrimestre 7,Tendencias del mercado y consumidor global
UT Nuevo Laredo,Lic. Negocios Y Mercadotecnia,8,Cuatrimestre 8,Administración de la producción
UT Nuevo Laredo,Lic. Negocios Y Mercadotecnia,8,Cuatrimestre 8,Gestión de la calidad
UT Nuevo Laredo,Lic. Negocios Y Mercadotecnia,8,Cuatrimestre 8,Gestión del talento humano
UT Nuevo Laredo,Lic. Negocios Y Mercadotecnia,8,Cuatrimestre 8,Inglés VII
UT Nuevo Laredo,Lic. Negocios Y Mercadotecnia,8,Cuatrimestre 8,Inteligencia de mercados
UT Nuevo Laredo,Lic. Negocios Y Mercadotecnia,8,Cuatrimestre 8,Inteligencia financiera
UT Nuevo Laredo,Lic. Negocios Y Mercadotecnia,8,Cuatrimestre 8,Mercadotecnia internacional
UT Nuevo Laredo,Lic. Negocios Y Mercadotecnia,9,Cuatrimestre 9,Cadena de suministro
UT Nuevo Laredo,Lic. Negocios Y Mercadotecnia,9,Cuatrimestre 9,Comunicación integral de la mercadotecnia
UT Nuevo Laredo,Lic. Negocios Y Mercadotecnia,9,Cuatrimestre 9,Cultura emprendedora
UT Nuevo Laredo,Lic. Negocios Y Mercadotecnia,9,Cuatrimestre 9,Derecho corporativo
UT Nuevo Laredo,Lic. Negocios Y Mercadotecnia,9,Cuatrimestre 9,Inglés VIII
UT Nuevo Laredo,Lic. Negocios Y Mercadotecnia,9,Cuatrimestre 9,Plan de negocios
UT Nuevo Laredo,Lic. Negocios Y Mercadotecnia,9,Cuatrimestre 9,Proyecto integrador III
UT Nuevo Laredo,Lic. Negocios Y Mercadotecnia,10,X (Estadía Ingeniería),ESTADÍA LICENCIATURA EN NEGOCIOS Y MERCADOTECNIA
UT Tamaulipas Norte,Ing. Aeronáutica En Manufactura,1,Cuatrimestre 1,Comunicación y Habilidades Digitales
UT Tamaulipas Norte,Ing. Aeronáutica En Manufactura,1,Cuatrimestre 1,Desarrollo Humano y Valores
UT Tamaulipas Norte,Ing. Aeronáutica En Manufactura,1,Cuatrimestre 1,Fundamentos Matemáticos
UT Tamaulipas Norte,Ing. Aeronáutica En Manufactura,1,Cuatrimestre 1,Fundamentos de Manufactura Aeronáutica
UT Tamaulipas Norte,Ing. Aeronáutica En Manufactura,1,Cuatrimestre 1,Inglés I
UT Tamaulipas Norte,Ing. Aeronáutica En Manufactura,1,Cuatrimestre 1,Interpretación de Planos
UT Tamaulipas Norte,Ing. Aeronáutica En Manufactura,1,Cuatrimestre 1,Introducción a la Aeronáutica
UT Tamaulipas Norte,Ing. Aeronáutica En Manufactura,2,Cuatrimestre 2,Calidad de Manufactura Aeronáutica
UT Tamaulipas Norte,Ing. Aeronáutica En Manufactura,2,Cuatrimestre 2,Cálculo Diferencial
UT Tamaulipas Norte,Ing. Aeronáutica En Manufactura,2,Cuatrimestre 2,Física
UT Tamaulipas Norte,Ing. Aeronáutica En Manufactura,2,Cuatrimestre 2,Habilidades Socioemocionales y Manejo de Conflictos
UT Tamaulipas Norte,Ing. Aeronáutica En Manufactura,2,Cuatrimestre 2,Inglés II
UT Tamaulipas Norte,Ing. Aeronáutica En Manufactura,2,Cuatrimestre 2,Probabilidad y Estadística
UT Tamaulipas Norte,Ing. Aeronáutica En Manufactura,2,Cuatrimestre 2,Química para Manufactura Aeronáutica
UT Tamaulipas Norte,Ing. Aeronáutica En Manufactura,3,Cuatrimestre 3,Ciencia de los Materiales
UT Tamaulipas Norte,Ing. Aeronáutica En Manufactura,3,Cuatrimestre 3,Cálculo Integral
UT Tamaulipas Norte,Ing. Aeronáutica En Manufactura,3,Cuatrimestre 3,Desarrollo del Pensamiento y Toma de Decisiones
UT Tamaulipas Norte,Ing. Aeronáutica En Manufactura,3,Cuatrimestre 3,Inglés III
UT Tamaulipas Norte,Ing. Aeronáutica En Manufactura,3,Cuatrimestre 3,Metrología Dimensional
UT Tamaulipas Norte,Ing. Aeronáutica En Manufactura,3,Cuatrimestre 3,Proyecto Integrador I
UT Tamaulipas Norte,Ing. Aeronáutica En Manufactura,3,Cuatrimestre 3,Sistemas de Gestión y Manufactura Esbelta
UT Tamaulipas Norte,Ing. Aeronáutica En Manufactura,4,Cuatrimestre 4,Cálculo de Varias Variables
UT Tamaulipas Norte,Ing. Aeronáutica En Manufactura,4,Cuatrimestre 4,Diseño Asistido por Computadora
UT Tamaulipas Norte,Ing. Aeronáutica En Manufactura,4,Cuatrimestre 4,Fundamentos Eléctricos
UT Tamaulipas Norte,Ing. Aeronáutica En Manufactura,4,Cuatrimestre 4,Inglés IV
UT Tamaulipas Norte,Ing. Aeronáutica En Manufactura,4,Cuatrimestre 4,Máquinas Herramientas Convencionales
UT Tamaulipas Norte,Ing. Aeronáutica En Manufactura,4,Cuatrimestre 4,Proceso de Ensambles Aeronáuticos
UT Tamaulipas Norte,Ing. Aeronáutica En Manufactura,4,Cuatrimestre 4,Ética Profesional
UT Tamaulipas Norte,Ing. Aeronáutica En Manufactura,5,Cuatrimestre 5,Ecuaciones Diferenciales
UT Tamaulipas Norte,Ing. Aeronáutica En Manufactura,5,Cuatrimestre 5,Inglés V
UT Tamaulipas Norte,Ing. Aeronáutica En Manufactura,5,Cuatrimestre 5,Liderazgo de Equipos de Alto Desempeño
UT Tamaulipas Norte,Ing. Aeronáutica En Manufactura,5,Cuatrimestre 5,Manufactura Aditiva
UT Tamaulipas Norte,Ing. Aeronáutica En Manufactura,5,Cuatrimestre 5,Manufactura Asistida por Computadora
UT Tamaulipas Norte,Ing. Aeronáutica En Manufactura,5,Cuatrimestre 5,Mecanizado CNC
UT Tamaulipas Norte,Ing. Aeronáutica En Manufactura,5,Cuatrimestre 5,Proyecto Integrador II
UT Tamaulipas Norte,Ing. Aeronáutica En Manufactura,6,VI (Estadía TSU),ESTADÍA TSU EN MANUFACTURA EN AERONÁUTICA
UT Tamaulipas Norte,Ing. Aeronáutica En Manufactura,7,Cuatrimestre 7,Habilidades Gerenciales
UT Tamaulipas Norte,Ing. Aeronáutica En Manufactura,7,Cuatrimestre 7,Inglés VI
UT Tamaulipas Norte,Ing. Aeronáutica En Manufactura,7,Cuatrimestre 7,Sistemas de Aeronaves
UT Tamaulipas Norte,Ing. Aeronáutica En Manufactura,7,Cuatrimestre 7,Termodinámica Aplicada
UT Tamaulipas Norte,Ing. Aeronáutica En Manufactura,7,Cuatrimestre 7,Tópicos de Ingeniería Industrial I
UT Tamaulipas Norte,Ing. Aeronáutica En Manufactura,8,Cuatrimestre 8,Inglés VII
UT Tamaulipas Norte,Ing. Aeronáutica En Manufactura,8,Cuatrimestre 8,Procesos de Conformado de Materiales
UT Tamaulipas Norte,Ing. Aeronáutica En Manufactura,8,Cuatrimestre 8,Procesos de Tratamientos Superficiales
UT Tamaulipas Norte,Ing. Aeronáutica En Manufactura,8,Cuatrimestre 8,Procesos de Tratamientos Térmicos y Termoquímicos
UT Tamaulipas Norte,Ing. Aeronáutica En Manufactura,8,Cuatrimestre 8,Tópicos de Ingeniería Industrial II
UT Tamaulipas Norte,Ing. Aeronáutica En Manufactura,9,Cuatrimestre 9,Emprendimiento e Innovación
UT Tamaulipas Norte,Ing. Aeronáutica En Manufactura,9,Cuatrimestre 9,Ensayos No Destructivos
UT Tamaulipas Norte,Ing. Aeronáutica En Manufactura,9,Cuatrimestre 9,Gestión de Proyectos de Manufactura Aeronáutica I
UT Tamaulipas Norte,Ing. Aeronáutica En Manufactura,9,Cuatrimestre 9,Ingeniería Asistida por Computadora
UT Tamaulipas Norte,Ing. Aeronáutica En Manufactura,9,Cuatrimestre 9,Inglés VIII
UT Tamaulipas Norte,Ing. Aeronáutica En Manufactura,9,Cuatrimestre 9,Procesos de Soldadura
UT Tamaulipas Norte,Ing. Aeronáutica En Manufactura,10,X (Estadía Ingeniería),Control de Sistema de Manufactura
UT Tamaulipas Norte,Ing. Aeronáutica En Manufactura,10,X (Estadía Ingeniería),Gestión de Proyectos de Manufactura Aeronáutica II
UT Tamaulipas Norte,Ing. Aeronáutica En Manufactura,10,X (Estadía Ingeniería),Maquinado Avanzado
UT Tamaulipas Norte,Ing. Aeronáutica En Manufactura,10,X (Estadía Ingeniería),Materiales Compuestos
UT Tamaulipas Norte,Ing. Aeronáutica En Manufactura,10,X (Estadía Ingeniería),Proyecto Integrador III
UT Tamaulipas Norte,Ing. Aeronáutica En Manufactura,11,Cuatrimestre 11,ESTADÍA INGENIERÍA EN AERONÁUTICA EN MANUFACTURA
UT Tamaulipas Norte,Ing. En Datos E Ia,1,Cuatrimestre 1,Comunicación y Habilidades Digitales
UT Tamaulipas Norte,Ing. En Datos E Ia,1,Cuatrimestre 1,Desarrollo Humano y Valores
UT Tamaulipas Norte,Ing. En Datos E Ia,1,Cuatrimestre 1,Fundamentos Matemáticos
UT Tamaulipas Norte,Ing. En Datos E Ia,1,Cuatrimestre 1,Fundamentos de Algoritmos
UT Tamaulipas Norte,Ing. En Datos E Ia,1,Cuatrimestre 1,Física
UT Tamaulipas Norte,Ing. En Datos E Ia,1,Cuatrimestre 1,Inglés I
UT Tamaulipas Norte,Ing. En Datos E Ia,1,Cuatrimestre 1,Introducción a la Ingeniería de Datos
UT Tamaulipas Norte,Ing. En Datos E Ia,2,Cuatrimestre 2,Arquitectura de Computadoras y Servidores
UT Tamaulipas Norte,Ing. En Datos E Ia,2,Cuatrimestre 2,Cálculo Diferencial
UT Tamaulipas Norte,Ing. En Datos E Ia,2,Cuatrimestre 2,Habilidades Socioemocionales y Manejo de Conflictos
UT Tamaulipas Norte,Ing. En Datos E Ia,2,Cuatrimestre 2,Inglés II
UT Tamaulipas Norte,Ing. En Datos E Ia,2,Cuatrimestre 2,Matemáticas Discretas
UT Tamaulipas Norte,Ing. En Datos E Ia,2,Cuatrimestre 2,Probabilidad y Estadística
UT Tamaulipas Norte,Ing. En Datos E Ia,2,Cuatrimestre 2,Programación
UT Tamaulipas Norte,Ing. En Datos E Ia,3,Cuatrimestre 3,Cálculo Integral
UT Tamaulipas Norte,Ing. En Datos E Ia,3,Cuatrimestre 3,Desarrollo del Pensamiento y Toma de Decisiones
UT Tamaulipas Norte,Ing. En Datos E Ia,3,Cuatrimestre 3,Estructura de Datos
UT Tamaulipas Norte,Ing. En Datos E Ia,3,Cuatrimestre 3,Inglés III
UT Tamaulipas Norte,Ing. En Datos E Ia,3,Cuatrimestre 3,Modelos Estadísticos
UT Tamaulipas Norte,Ing. En Datos E Ia,3,Cuatrimestre 3,Procesamiento de Datos
UT Tamaulipas Norte,Ing. En Datos E Ia,3,Cuatrimestre 3,Proyecto Integrador I
UT Tamaulipas Norte,Ing. En Datos E Ia,4,Cuatrimestre 4,Administración de Bases de Datos
UT Tamaulipas Norte,Ing. En Datos E Ia,4,Cuatrimestre 4,Centros de Datos
UT Tamaulipas Norte,Ing. En Datos E Ia,4,Cuatrimestre 4,Cálculo de Varias Variables
UT Tamaulipas Norte,Ing. En Datos E Ia,4,Cuatrimestre 4,Herramientas de Visualización
UT Tamaulipas Norte,Ing. En Datos E Ia,4,Cuatrimestre 4,Inglés IV
UT Tamaulipas Norte,Ing. En Datos E Ia,4,Cuatrimestre 4,Manejo Masivo de Datos
UT Tamaulipas Norte,Ing. En Datos E Ia,4,Cuatrimestre 4,Ética Profesional
UT Tamaulipas Norte,Ing. En Datos E Ia,5,Cuatrimestre 5,Ecuaciones Diferenciales
UT Tamaulipas Norte,Ing. En Datos E Ia,5,Cuatrimestre 5,Inglés V
UT Tamaulipas Norte,Ing. En Datos E Ia,5,Cuatrimestre 5,Liderazgo de Equipos de Alto Desempeño
UT Tamaulipas Norte,Ing. En Datos E Ia,5,Cuatrimestre 5,Minería de Datos
UT Tamaulipas Norte,Ing. En Datos E Ia,5,Cuatrimestre 5,Protección de la Información
UT Tamaulipas Norte,Ing. En Datos E Ia,5,Cuatrimestre 5,Proyecto Integrador II
UT Tamaulipas Norte,Ing. En Datos E Ia,5,Cuatrimestre 5,Seguridad en Bases de Datos
UT Tamaulipas Norte,Ing. En Datos E Ia,6,VI (Estadía TSU),ESTADÍA TSU EN CIENCIA DE DATOS
UT Tamaulipas Norte,Ing. En Datos E Ia,7,Cuatrimestre 7,Cómputo en la Nube
UT Tamaulipas Norte,Ing. En Datos E Ia,7,Cuatrimestre 7,Gestión de Proyectos
UT Tamaulipas Norte,Ing. En Datos E Ia,7,Cuatrimestre 7,Inteligencia Artificial I
UT Tamaulipas Norte,Ing. En Datos E Ia,7,Cuatrimestre 7,Internet de las Cosas
UT Tamaulipas Norte,Ing. En Datos E Ia,8,Cuatrimestre 8,Ciberseguridad en la Nube
UT Tamaulipas Norte,Ing. En Datos E Ia,8,Cuatrimestre 8,Cómputo de Alto Rendimiento
UT Tamaulipas Norte,Ing. En Datos E Ia,8,Cuatrimestre 8,Economía Digital
UT Tamaulipas Norte,Ing. En Datos E Ia,8,Cuatrimestre 8,Habilidades Gerenciales
UT Tamaulipas Norte,Ing. En Datos E Ia,8,Cuatrimestre 8,Ingeniería de Requerimientos
UT Tamaulipas Norte,Ing. En Datos E Ia,8,Cuatrimestre 8,Inglés VI
UT Tamaulipas Norte,Ing. En Datos E Ia,9,Cuatrimestre 9,Análisis de Redes Sociales
UT Tamaulipas Norte,Ing. En Datos E Ia,9,Cuatrimestre 9,Aplicaciones de Inteligencia Artificial
UT Tamaulipas Norte,Ing. En Datos E Ia,9,Cuatrimestre 9,Inglés VII
UT Tamaulipas Norte,Ing. En Datos E Ia,9,Cuatrimestre 9,Inteligencia Artificial II
UT Tamaulipas Norte,Ing. En Datos E Ia,9,Cuatrimestre 9,Sistemas Predictivos
UT Tamaulipas Norte,Ing. En Datos E Ia,10,X (Estadía Ingeniería),Ingeniería de Software
UT Tamaulipas Norte,Ing. En Datos E Ia,10,X (Estadía Ingeniería),Inglés VIII
UT Tamaulipas Norte,Ing. En Datos E Ia,10,X (Estadía Ingeniería),Inteligencia de Negocios
UT Tamaulipas Norte,Ing. En Datos E Ia,10,X (Estadía Ingeniería),Modelado de Información Visual
UT Tamaulipas Norte,Ing. En Datos E Ia,10,X (Estadía Ingeniería),Proyecto Integrador III
UT Tamaulipas Norte,Ing. En Datos E Ia,10,X (Estadía Ingeniería),Tendencias en Ciencias de Datos
UT Tamaulipas Norte,Ing. En Datos E Ia,11,Cuatrimestre 11,ESTADÍA INGENIERÍA EN DATOS E INTELIGENCIA ARTIFICIAL
UT Tamaulipas Norte,Ing. En Energía Y Desarrollo Sost.,1,Cuatrimestre 1,Comunicación y Habilidades Digitales
UT Tamaulipas Norte,Ing. En Energía Y Desarrollo Sost.,1,Cuatrimestre 1,Desarrollo Humano y Valores
UT Tamaulipas Norte,Ing. En Energía Y Desarrollo Sost.,1,Cuatrimestre 1,Dibujo Asistido por Computadora
UT Tamaulipas Norte,Ing. En Energía Y Desarrollo Sost.,1,Cuatrimestre 1,Energía y Desarrollo Sostenible
UT Tamaulipas Norte,Ing. En Energía Y Desarrollo Sost.,1,Cuatrimestre 1,Fundamentos Matemáticos
UT Tamaulipas Norte,Ing. En Energía Y Desarrollo Sost.,1,Cuatrimestre 1,Física
UT Tamaulipas Norte,Ing. En Energía Y Desarrollo Sost.,1,Cuatrimestre 1,Inglés I
UT Tamaulipas Norte,Ing. En Energía Y Desarrollo Sost.,2,Cuatrimestre 2,Circuitos Eléctricos
UT Tamaulipas Norte,Ing. En Energía Y Desarrollo Sost.,2,Cuatrimestre 2,Cálculo Diferencial
UT Tamaulipas Norte,Ing. En Energía Y Desarrollo Sost.,2,Cuatrimestre 2,Diagnósticos Energéticos
UT Tamaulipas Norte,Ing. En Energía Y Desarrollo Sost.,2,Cuatrimestre 2,Habilidades Socioemocionales y Manejo de Conflictos
UT Tamaulipas Norte,Ing. En Energía Y Desarrollo Sost.,2,Cuatrimestre 2,Inglés II
UT Tamaulipas Norte,Ing. En Energía Y Desarrollo Sost.,2,Cuatrimestre 2,Probabilidad y Estadística
UT Tamaulipas Norte,Ing. En Energía Y Desarrollo Sost.,2,Cuatrimestre 2,Seguridad y Medio Ambiente
UT Tamaulipas Norte,Ing. En Energía Y Desarrollo Sost.,3,Cuatrimestre 3,Cálculo Integral
UT Tamaulipas Norte,Ing. En Energía Y Desarrollo Sost.,3,Cuatrimestre 3,Desarrollo del Pensamiento y Toma de Decisiones
UT Tamaulipas Norte,Ing. En Energía Y Desarrollo Sost.,3,Cuatrimestre 3,Electrónica Industrial
UT Tamaulipas Norte,Ing. En Energía Y Desarrollo Sost.,3,Cuatrimestre 3,Inglés III
UT Tamaulipas Norte,Ing. En Energía Y Desarrollo Sost.,3,Cuatrimestre 3,Instalaciones Eléctricas Industriales
UT Tamaulipas Norte,Ing. En Energía Y Desarrollo Sost.,3,Cuatrimestre 3,Proyecto Integrador I
UT Tamaulipas Norte,Ing. En Energía Y Desarrollo Sost.,3,Cuatrimestre 3,Temas Selectos de Química
UT Tamaulipas Norte,Ing. En Energía Y Desarrollo Sost.,4,Cuatrimestre 4,Análisis de Recurso Energético
UT Tamaulipas Norte,Ing. En Energía Y Desarrollo Sost.,4,Cuatrimestre 4,Cálculo de Varias Variables
UT Tamaulipas Norte,Ing. En Energía Y Desarrollo Sost.,4,Cuatrimestre 4,Gestión del Mantenimiento
UT Tamaulipas Norte,Ing. En Energía Y Desarrollo Sost.,4,Cuatrimestre 4,Inglés IV
UT Tamaulipas Norte,Ing. En Energía Y Desarrollo Sost.,4,Cuatrimestre 4,Metrología
UT Tamaulipas Norte,Ing. En Energía Y Desarrollo Sost.,4,Cuatrimestre 4,Temas Selectos de Termodinámica y Transferencia de Energía
UT Tamaulipas Norte,Ing. En Energía Y Desarrollo Sost.,4,Cuatrimestre 4,Ética Profesional
UT Tamaulipas Norte,Ing. En Energía Y Desarrollo Sost.,5,Cuatrimestre 5,Ecuaciones Diferenciales
UT Tamaulipas Norte,Ing. En Energía Y Desarrollo Sost.,5,Cuatrimestre 5,Energía Solar
UT Tamaulipas Norte,Ing. En Energía Y Desarrollo Sost.,5,Cuatrimestre 5,Inglés V
UT Tamaulipas Norte,Ing. En Energía Y Desarrollo Sost.,5,Cuatrimestre 5,Liderazgo de Equipos de Alto Desempeño
UT Tamaulipas Norte,Ing. En Energía Y Desarrollo Sost.,5,Cuatrimestre 5,Máquinas Eléctricas
UT Tamaulipas Norte,Ing. En Energía Y Desarrollo Sost.,5,Cuatrimestre 5,Proyecto Integrador II
UT Tamaulipas Norte,Ing. En Energía Y Desarrollo Sost.,5,Cuatrimestre 5,Sistemas Electromecánicos
UT Tamaulipas Norte,Ing. En Energía Y Desarrollo Sost.,6,VI (Estadía TSU),ESTADÍA TSU EN TURBO-SOLAR
UT Tamaulipas Norte,Ing. En Energía Y Desarrollo Sost.,7,Cuatrimestre 7,Electroquímica
UT Tamaulipas Norte,Ing. En Energía Y Desarrollo Sost.,7,Cuatrimestre 7,Habilidades Gerenciales
UT Tamaulipas Norte,Ing. En Energía Y Desarrollo Sost.,7,Cuatrimestre 7,Optativa I
UT Tamaulipas Norte,Ing. En Energía Y Desarrollo Sost.,7,Cuatrimestre 7,Sistemas de Adquisición de Datos
UT Tamaulipas Norte,Ing. En Energía Y Desarrollo Sost.,7,Cuatrimestre 7,Temas Selectos de Física
UT Tamaulipas Norte,Ing. En Energía Y Desarrollo Sost.,8,Cuatrimestre 8,Almacenamiento de Energía
UT Tamaulipas Norte,Ing. En Energía Y Desarrollo Sost.,8,Cuatrimestre 8,Hidrógeno y Celdas de Combustibles
UT Tamaulipas Norte,Ing. En Energía Y Desarrollo Sost.,8,Cuatrimestre 8,Inglés VI
UT Tamaulipas Norte,Ing. En Energía Y Desarrollo Sost.,8,Cuatrimestre 8,Introducción a las Redes Eléctricas Inteligentes
UT Tamaulipas Norte,Ing. En Energía Y Desarrollo Sost.,8,Cuatrimestre 8,Normatividad y Sustentabilidad Energética
UT Tamaulipas Norte,Ing. En Energía Y Desarrollo Sost.,8,Cuatrimestre 8,Optativa II
UT Tamaulipas Norte,Ing. En Energía Y Desarrollo Sost.,9,Cuatrimestre 9,Diseño de Proyectos Fotovoltaicos
UT Tamaulipas Norte,Ing. En Energía Y Desarrollo Sost.,9,Cuatrimestre 9,Ingeniería Económica
UT Tamaulipas Norte,Ing. En Energía Y Desarrollo Sost.,9,Cuatrimestre 9,Ingeniería de la Biomasa
UT Tamaulipas Norte,Ing. En Energía Y Desarrollo Sost.,9,Cuatrimestre 9,Inglés VII
UT Tamaulipas Norte,Ing. En Energía Y Desarrollo Sost.,9,Cuatrimestre 9,Optativa III
UT Tamaulipas Norte,Ing. En Energía Y Desarrollo Sost.,10,X (Estadía Ingeniería),Diseño de Proyectos Eólicos
UT Tamaulipas Norte,Ing. En Energía Y Desarrollo Sost.,10,X (Estadía Ingeniería),Eficiencia Energética
UT Tamaulipas Norte,Ing. En Energía Y Desarrollo Sost.,10,X (Estadía Ingeniería),Inglés VIII
UT Tamaulipas Norte,Ing. En Energía Y Desarrollo Sost.,10,X (Estadía Ingeniería),Optativa IV
UT Tamaulipas Norte,Ing. En Energía Y Desarrollo Sost.,10,X (Estadía Ingeniería),Proyecto Integrador III
UT Tamaulipas Norte,Ing. En Energía Y Desarrollo Sost.,11,Cuatrimestre 11,ESTADÍA INGENIERÍA EN ENERGÍA Y DESARROLLO SOSTENIBLE
UT Tamaulipas Norte,Ing. En Logística,1,Cuatrimestre 1,Administración y Principios de Economía
UT Tamaulipas Norte,Ing. En Logística,1,Cuatrimestre 1,Comunicación y Habilidades Digitales
UT Tamaulipas Norte,Ing. En Logística,1,Cuatrimestre 1,Desarrollo Humano y Valores
UT Tamaulipas Norte,Ing. En Logística,1,Cuatrimestre 1,Fundamentos Matemáticos
UT Tamaulipas Norte,Ing. En Logística,1,Cuatrimestre 1,Fundamentos de la Cadena de Suministros
UT Tamaulipas Norte,Ing. En Logística,1,Cuatrimestre 1,Inglés I
UT Tamaulipas Norte,Ing. En Logística,1,Cuatrimestre 1,Probabilidad y Estadística
UT Tamaulipas Norte,Ing. En Logística,2,Cuatrimestre 2,Cálculo Diferencial
UT Tamaulipas Norte,Ing. En Logística,2,Cuatrimestre 2,Física
UT Tamaulipas Norte,Ing. En Logística,2,Cuatrimestre 2,Gestión de Almacén
UT Tamaulipas Norte,Ing. En Logística,2,Cuatrimestre 2,Habilidades Socioemocionales y Manejo de Conflictos
UT Tamaulipas Norte,Ing. En Logística,2,Cuatrimestre 2,Inglés II
UT Tamaulipas Norte,Ing. En Logística,2,Cuatrimestre 2,Logística de Abastecimiento
UT Tamaulipas Norte,Ing. En Logística,2,Cuatrimestre 2,Marco Regulatorio del Comercio Internacional
UT Tamaulipas Norte,Ing. En Logística,3,Cuatrimestre 3,Calidad en la Cadena de Suministros
UT Tamaulipas Norte,Ing. En Logística,3,Cuatrimestre 3,Costos y Presupuestos Logísticos
UT Tamaulipas Norte,Ing. En Logística,3,Cuatrimestre 3,Cálculo Integral
UT Tamaulipas Norte,Ing. En Logística,3,Cuatrimestre 3,Desarrollo del Pensamiento y Toma de Decisiones
UT Tamaulipas Norte,Ing. En Logística,3,Cuatrimestre 3,Inglés III
UT Tamaulipas Norte,Ing. En Logística,3,Cuatrimestre 3,Proyecto Integrador I
UT Tamaulipas Norte,Ing. En Logística,3,Cuatrimestre 3,Tráfico y Sistemas de Transporte
UT Tamaulipas Norte,Ing. En Logística,4,Cuatrimestre 4,Administración de Materiales de Producción
UT Tamaulipas Norte,Ing. En Logística,4,Cuatrimestre 4,Administración y Control de Inventarios
UT Tamaulipas Norte,Ing. En Logística,4,Cuatrimestre 4,Cálculo de Varias Variables
UT Tamaulipas Norte,Ing. En Logística,4,Cuatrimestre 4,Geografía e Infraestructura Logística
UT Tamaulipas Norte,Ing. En Logística,4,Cuatrimestre 4,Inglés IV
UT Tamaulipas Norte,Ing. En Logística,4,Cuatrimestre 4,Pronósticos en la Cadena de Suministros
UT Tamaulipas Norte,Ing. En Logística,4,Cuatrimestre 4,Ética Profesional
UT Tamaulipas Norte,Ing. En Logística,5,Cuatrimestre 5,Ecuaciones Diferenciales
UT Tamaulipas Norte,Ing. En Logística,5,Cuatrimestre 5,Gestión de la Cadena de Suministro
UT Tamaulipas Norte,Ing. En Logística,5,Cuatrimestre 5,Inglés V
UT Tamaulipas Norte,Ing. En Logística,5,Cuatrimestre 5,Liderazgo de Equipos de Alto Desempeño
UT Tamaulipas Norte,Ing. En Logística,5,Cuatrimestre 5,Operaciones de Comercio Exterior
UT Tamaulipas Norte,Ing. En Logística,5,Cuatrimestre 5,Proyecto Integrador II
UT Tamaulipas Norte,Ing. En Logística,5,Cuatrimestre 5,TIC'S Aplicadas a la Cadena de Suministros
UT Tamaulipas Norte,Ing. En Logística,6,VI (Estadía TSU),ESTADÍA TSU EN CADENA DE SUMINISTROS
UT Tamaulipas Norte,Ing. En Logística,7,Cuatrimestre 7,Diseño de Redes Logísticas
UT Tamaulipas Norte,Ing. En Logística,7,Cuatrimestre 7,Inglés VI
UT Tamaulipas Norte,Ing. En Logística,7,Cuatrimestre 7,Investigación de Operaciones Logísticas
UT Tamaulipas Norte,Ing. En Logística,7,Cuatrimestre 7,Logística de Producción
UT Tamaulipas Norte,Ing. En Logística,7,Cuatrimestre 7,Optativa I
UT Tamaulipas Norte,Ing. En Logística,8,Cuatrimestre 8,Habilidades Gerenciales
UT Tamaulipas Norte,Ing. En Logística,8,Cuatrimestre 8,Inglés VII
UT Tamaulipas Norte,Ing. En Logística,8,Cuatrimestre 8,Optativa II
UT Tamaulipas Norte,Ing. En Logística,8,Cuatrimestre 8,Planeación y Organización del Trabajo
UT Tamaulipas Norte,Ing. En Logística,8,Cuatrimestre 8,Sostenibilidad Ambiental en la Cadena de Suministros
UT Tamaulipas Norte,Ing. En Logística,8,Cuatrimestre 8,Tendencias en la Cadena de Suministros
UT Tamaulipas Norte,Ing. En Logística,9,Cuatrimestre 9,Administración de Operaciones Logísticas
UT Tamaulipas Norte,Ing. En Logística,9,Cuatrimestre 9,Inglés VIII
UT Tamaulipas Norte,Ing. En Logística,9,Cuatrimestre 9,Optativa III
UT Tamaulipas Norte,Ing. En Logística,9,Cuatrimestre 9,Seguridad en la Cadena de Suministros
UT Tamaulipas Norte,Ing. En Logística,9,Cuatrimestre 9,Simulación de Procesos Logísticos
UT Tamaulipas Norte,Ing. En Logística,10,X (Estadía Ingeniería),Análisis de Datos para la Toma de Decisiones
UT Tamaulipas Norte,Ing. En Logística,10,X (Estadía Ingeniería),Gestión del Comercio Internacional
UT Tamaulipas Norte,Ing. En Logística,10,X (Estadía Ingeniería),Ingeniería Económica
UT Tamaulipas Norte,Ing. En Logística,10,X (Estadía Ingeniería),Planeación Estratégica
UT Tamaulipas Norte,Ing. En Logística,10,X (Estadía Ingeniería),Proyecto Integrador III
UT Tamaulipas Norte,Ing. En Logística,11,Cuatrimestre 11,ESTADÍA INGENIERÍA EN LOGÍSTICA
UT Tamaulipas Norte,Ing. En Logística Internacional,1,Cuatrimestre 1,Comunicación y Habilidades Digitales
UT Tamaulipas Norte,Ing. En Logística Internacional,1,Cuatrimestre 1,Desarrollo Humano y Valores
UT Tamaulipas Norte,Ing. En Logística Internacional,1,Cuatrimestre 1,Economía Internacional
UT Tamaulipas Norte,Ing. En Logística Internacional,1,Cuatrimestre 1,Estructura Organizacional
UT Tamaulipas Norte,Ing. En Logística Internacional,1,Cuatrimestre 1,Fundamentos Matemáticos
UT Tamaulipas Norte,Ing. En Logística Internacional,1,Cuatrimestre 1,Inglés I
UT Tamaulipas Norte,Ing. En Logística Internacional,1,Cuatrimestre 1,Normatividad Aplicada al Comercio Exterior I
UT Tamaulipas Norte,Ing. En Logística Internacional,2,Cuatrimestre 2,Clasificación Arancelaria I
UT Tamaulipas Norte,Ing. En Logística Internacional,2,Cuatrimestre 2,Cálculo Diferencial
UT Tamaulipas Norte,Ing. En Logística Internacional,2,Cuatrimestre 2,Fundamentos de Logística
UT Tamaulipas Norte,Ing. En Logística Internacional,2,Cuatrimestre 2,Habilidades Socioemocionales y Manejo de Conflictos
UT Tamaulipas Norte,Ing. En Logística Internacional,2,Cuatrimestre 2,Inglés II
UT Tamaulipas Norte,Ing. En Logística Internacional,2,Cuatrimestre 2,Mercadotecnia Internacional
UT Tamaulipas Norte,Ing. En Logística Internacional,2,Cuatrimestre 2,Normatividad Aplicada al Comercio Exterior II
UT Tamaulipas Norte,Ing. En Logística Internacional,3,Cuatrimestre 3,Administración de Ventas
UT Tamaulipas Norte,Ing. En Logística Internacional,3,Cuatrimestre 3,Clasificación Arancelaria II
UT Tamaulipas Norte,Ing. En Logística Internacional,3,Cuatrimestre 3,Cálculo Integral
UT Tamaulipas Norte,Ing. En Logística Internacional,3,Cuatrimestre 3,Desarrollo del Pensamiento y Toma de Decisiones
UT Tamaulipas Norte,Ing. En Logística Internacional,3,Cuatrimestre 3,Física
UT Tamaulipas Norte,Ing. En Logística Internacional,3,Cuatrimestre 3,Inglés III
UT Tamaulipas Norte,Ing. En Logística Internacional,3,Cuatrimestre 3,Proyecto Integrador I
UT Tamaulipas Norte,Ing. En Logística Internacional,4,Cuatrimestre 4,Clasificación Arancelaria III
UT Tamaulipas Norte,Ing. En Logística Internacional,4,Cuatrimestre 4,Cálculo de Varias Variables
UT Tamaulipas Norte,Ing. En Logística Internacional,4,Cuatrimestre 4,Inglés IV
UT Tamaulipas Norte,Ing. En Logística Internacional,4,Cuatrimestre 4,Presupuestos Logísticos
UT Tamaulipas Norte,Ing. En Logística Internacional,4,Cuatrimestre 4,Probabilidad y Estadística
UT Tamaulipas Norte,Ing. En Logística Internacional,4,Cuatrimestre 4,Trámites Legales Aplicados
UT Tamaulipas Norte,Ing. En Logística Internacional,4,Cuatrimestre 4,Ética Profesional
UT Tamaulipas Norte,Ing. En Logística Internacional,5,Cuatrimestre 5,Contribuciones al Comercio Exterior
UT Tamaulipas Norte,Ing. En Logística Internacional,5,Cuatrimestre 5,Ecuaciones Diferenciales
UT Tamaulipas Norte,Ing. En Logística Internacional,5,Cuatrimestre 5,Inglés V
UT Tamaulipas Norte,Ing. En Logística Internacional,5,Cuatrimestre 5,Liderazgo de Equipos de Alto Desempeño
UT Tamaulipas Norte,Ing. En Logística Internacional,5,Cuatrimestre 5,Pedimento y su Legislación
UT Tamaulipas Norte,Ing. En Logística Internacional,5,Cuatrimestre 5,Proyecto Integrador II
UT Tamaulipas Norte,Ing. En Logística Internacional,5,Cuatrimestre 5,Seguimiento Logístico
UT Tamaulipas Norte,Ing. En Logística Internacional,6,VI (Estadía TSU),ESTADÍA TSU EN OPERACIONES LOGÍSTICAS Y COMERCIO EXTERIOR
UT Tamaulipas Norte,Ing. En Logística Internacional,7,Cuatrimestre 7,Administración de Sistemas Logísticos
UT Tamaulipas Norte,Ing. En Logística Internacional,7,Cuatrimestre 7,"Envase, Empaque, Embalaje"
UT Tamaulipas Norte,Ing. En Logística Internacional,7,Cuatrimestre 7,Gestión de Cadena de Suministro
UT Tamaulipas Norte,Ing. En Logística Internacional,7,Cuatrimestre 7,Gestión de Operación Aduanera
UT Tamaulipas Norte,Ing. En Logística Internacional,7,Cuatrimestre 7,Habilidades Gerenciales
UT Tamaulipas Norte,Ing. En Logística Internacional,8,Cuatrimestre 8,Administración de Operaciones de Tráfico I
UT Tamaulipas Norte,Ing. En Logística Internacional,8,Cuatrimestre 8,Contabilidad Básica
UT Tamaulipas Norte,Ing. En Logística Internacional,8,Cuatrimestre 8,Gestión de Calidad en la Logística
UT Tamaulipas Norte,Ing. En Logística Internacional,8,Cuatrimestre 8,Inglés VI
UT Tamaulipas Norte,Ing. En Logística Internacional,8,Cuatrimestre 8,Investigación de Operaciones
UT Tamaulipas Norte,Ing. En Logística Internacional,9,Cuatrimestre 9,Administración de Operaciones de Tráfico II
UT Tamaulipas Norte,Ing. En Logística Internacional,9,Cuatrimestre 9,Finanzas Internacionales
UT Tamaulipas Norte,Ing. En Logística Internacional,9,Cuatrimestre 9,Inglés VII
UT Tamaulipas Norte,Ing. En Logística Internacional,9,Cuatrimestre 9,Logística de Transporte
UT Tamaulipas Norte,Ing. En Logística Internacional,9,Cuatrimestre 9,Metodología de la Investigación
UT Tamaulipas Norte,Ing. En Logística Internacional,9,Cuatrimestre 9,Seguridad en la Cadena de Suministro
UT Tamaulipas Norte,Ing. En Logística Internacional,10,X (Estadía Ingeniería),Administración de Proyectos con Enfoque Sostenible
UT Tamaulipas Norte,Ing. En Logística Internacional,10,X (Estadía Ingeniería),Cumplimiento Normativo
UT Tamaulipas Norte,Ing. En Logística Internacional,10,X (Estadía Ingeniería),"Infracciones, Sanciones y Medios de Defensa"
UT Tamaulipas Norte,Ing. En Logística Internacional,10,X (Estadía Ingeniería),Inglés VIII
UT Tamaulipas Norte,Ing. En Logística Internacional,10,X (Estadía Ingeniería),Proyecto Integrador III
UT Tamaulipas Norte,Ing. En Logística Internacional,11,Cuatrimestre 11,ESTADÍA INGENIERÍA EN LOGÍSTICA INTERNACIONAL
UT Tamaulipas Norte,Ing. En Mantenimiento Industrial,1,Cuatrimestre 1,Comunicación y Habilidades Digitales
UT Tamaulipas Norte,Ing. En Mantenimiento Industrial,1,Cuatrimestre 1,Desarrollo Humano y Valores
UT Tamaulipas Norte,Ing. En Mantenimiento Industrial,1,Cuatrimestre 1,Dibujo Industrial
UT Tamaulipas Norte,Ing. En Mantenimiento Industrial,1,Cuatrimestre 1,Fundamentos Matemáticos
UT Tamaulipas Norte,Ing. En Mantenimiento Industrial,1,Cuatrimestre 1,Fundamentos de Mantenimiento
UT Tamaulipas Norte,Ing. En Mantenimiento Industrial,1,Cuatrimestre 1,Inglés I
UT Tamaulipas Norte,Ing. En Mantenimiento Industrial,1,Cuatrimestre 1,Seguridad Industrial
UT Tamaulipas Norte,Ing. En Mantenimiento Industrial,2,Cuatrimestre 2,Cálculo Diferencial
UT Tamaulipas Norte,Ing. En Mantenimiento Industrial,2,Cuatrimestre 2,Física
UT Tamaulipas Norte,Ing. En Mantenimiento Industrial,2,Cuatrimestre 2,Gestión del Mantenimiento
UT Tamaulipas Norte,Ing. En Mantenimiento Industrial,2,Cuatrimestre 2,Habilidades Socioemocionales y Manejo de Conflictos
UT Tamaulipas Norte,Ing. En Mantenimiento Industrial,2,Cuatrimestre 2,Inglés II
UT Tamaulipas Norte,Ing. En Mantenimiento Industrial,2,Cuatrimestre 2,Probabilidad y Estadística
UT Tamaulipas Norte,Ing. En Mantenimiento Industrial,2,Cuatrimestre 2,Termodinámica
UT Tamaulipas Norte,Ing. En Mantenimiento Industrial,3,Cuatrimestre 3,Cálculo Integral
UT Tamaulipas Norte,Ing. En Mantenimiento Industrial,3,Cuatrimestre 3,Desarrollo del Pensamiento y Toma de Decisiones
UT Tamaulipas Norte,Ing. En Mantenimiento Industrial,3,Cuatrimestre 3,Electrónica Analógica
UT Tamaulipas Norte,Ing. En Mantenimiento Industrial,3,Cuatrimestre 3,Inglés III
UT Tamaulipas Norte,Ing. En Mantenimiento Industrial,3,Cuatrimestre 3,Máquinas y Mecanismos
UT Tamaulipas Norte,Ing. En Mantenimiento Industrial,3,Cuatrimestre 3,Proyecto Integrador I
UT Tamaulipas Norte,Ing. En Mantenimiento Industrial,3,Cuatrimestre 3,Sistemas Eléctricos
UT Tamaulipas Norte,Ing. En Mantenimiento Industrial,4,Cuatrimestre 4,Cálculo de Varias Variables
UT Tamaulipas Norte,Ing. En Mantenimiento Industrial,4,Cuatrimestre 4,Electrónica Digital
UT Tamaulipas Norte,Ing. En Mantenimiento Industrial,4,Cuatrimestre 4,Inglés IV
UT Tamaulipas Norte,Ing. En Mantenimiento Industrial,4,Cuatrimestre 4,Mantenimiento a Procesos de Manufactura
UT Tamaulipas Norte,Ing. En Mantenimiento Industrial,4,Cuatrimestre 4,Máquinas Eléctricas
UT Tamaulipas Norte,Ing. En Mantenimiento Industrial,4,Cuatrimestre 4,Sistemas Neumáticos e Hidráulicos
UT Tamaulipas Norte,Ing. En Mantenimiento Industrial,4,Cuatrimestre 4,Ética Profesional
UT Tamaulipas Norte,Ing. En Mantenimiento Industrial,5,Cuatrimestre 5,Automatización y Robótica
UT Tamaulipas Norte,Ing. En Mantenimiento Industrial,5,Cuatrimestre 5,Ciencia de los Materiales
UT Tamaulipas Norte,Ing. En Mantenimiento Industrial,5,Cuatrimestre 5,Ecuaciones Diferenciales
UT Tamaulipas Norte,Ing. En Mantenimiento Industrial,5,Cuatrimestre 5,Inglés V
UT Tamaulipas Norte,Ing. En Mantenimiento Industrial,5,Cuatrimestre 5,Liderazgo de Equipos de Alto Desempeño
UT Tamaulipas Norte,Ing. En Mantenimiento Industrial,5,Cuatrimestre 5,Proyecto Integrador II
UT Tamaulipas Norte,Ing. En Mantenimiento Industrial,5,Cuatrimestre 5,Sistemas Térmicos e Industriales
UT Tamaulipas Norte,Ing. En Mantenimiento Industrial,6,VI (Estadía TSU),ESTADÍA TSU EN MANTENIMIENTO INDUSTRIAL
UT Tamaulipas Norte,Ing. En Mantenimiento Industrial,7,Cuatrimestre 7,Administración Estratégica para Mantenimiento
UT Tamaulipas Norte,Ing. En Mantenimiento Industrial,7,Cuatrimestre 7,Física para Ingeniería
UT Tamaulipas Norte,Ing. En Mantenimiento Industrial,7,Cuatrimestre 7,Habilidades Gerenciales
UT Tamaulipas Norte,Ing. En Mantenimiento Industrial,7,Cuatrimestre 7,Inglés VI
UT Tamaulipas Norte,Ing. En Mantenimiento Industrial,7,Cuatrimestre 7,Instalaciones Eléctricas
UT Tamaulipas Norte,Ing. En Mantenimiento Industrial,7,Cuatrimestre 7,Tribología
UT Tamaulipas Norte,Ing. En Mantenimiento Industrial,8,Cuatrimestre 8,Gestión Ambiental
UT Tamaulipas Norte,Ing. En Mantenimiento Industrial,8,Cuatrimestre 8,Inglés VII
UT Tamaulipas Norte,Ing. En Mantenimiento Industrial,8,Cuatrimestre 8,Mantenimiento Predictivo Mecánico
UT Tamaulipas Norte,Ing. En Mantenimiento Industrial,8,Cuatrimestre 8,Métodos y Sistemas de Trabajo
UT Tamaulipas Norte,Ing. En Mantenimiento Industrial,8,Cuatrimestre 8,Técnicas TPM y RCM
UT Tamaulipas Norte,Ing. En Mantenimiento Industrial,9,Cuatrimestre 9,Ensayos No Destructivos
UT Tamaulipas Norte,Ing. En Mantenimiento Industrial,9,Cuatrimestre 9,Gestión del Talento Humano
UT Tamaulipas Norte,Ing. En Mantenimiento Industrial,9,Cuatrimestre 9,Ingeniería Económica
UT Tamaulipas Norte,Ing. En Mantenimiento Industrial,9,Cuatrimestre 9,Inglés VIII
UT Tamaulipas Norte,Ing. En Mantenimiento Industrial,9,Cuatrimestre 9,Protocolos de Operación y Mantenimiento
UT Tamaulipas Norte,Ing. En Mantenimiento Industrial,9,Cuatrimestre 9,Sistemas Automatizados y Redes Industriales
UT Tamaulipas Norte,Ing. En Mantenimiento Industrial,10,X (Estadía Ingeniería),Ensayos No Destructivos
UT Tamaulipas Norte,Ing. En Mantenimiento Industrial,10,X (Estadía Ingeniería),Manufactura Asistida por Computadora
UT Tamaulipas Norte,Ing. En Mantenimiento Industrial,10,X (Estadía Ingeniería),Proyecto Integrador III
UT Tamaulipas Norte,Ing. En Mantenimiento Industrial,10,X (Estadía Ingeniería),Visualización y Control de Procesos
UT Tamaulipas Norte,Ing. En Mantenimiento Industrial,11,Cuatrimestre 11,ESTADÍA INGENIERÍA EN MANTENIMIENTO INDUSTRIAL
UT Tamaulipas Norte,Ing. En Mecatrónica,1,Cuatrimestre 1,Comunicación y Habilidades Digitales
UT Tamaulipas Norte,Ing. En Mecatrónica,1,Cuatrimestre 1,Desarrollo Humano y Valores
UT Tamaulipas Norte,Ing. En Mecatrónica,1,Cuatrimestre 1,Fundamentos Matemáticos
UT Tamaulipas Norte,Ing. En Mecatrónica,1,Cuatrimestre 1,Inglés I
UT Tamaulipas Norte,Ing. En Mecatrónica,1,Cuatrimestre 1,Metodología de la Programación
UT Tamaulipas Norte,Ing. En Mecatrónica,1,Cuatrimestre 1,Metrología
UT Tamaulipas Norte,Ing. En Mecatrónica,1,Cuatrimestre 1,Procesos Industriales
UT Tamaulipas Norte,Ing. En Mecatrónica,2,Cuatrimestre 2,Circuitos Eléctricos
UT Tamaulipas Norte,Ing. En Mecatrónica,2,Cuatrimestre 2,Cálculo Diferencial
UT Tamaulipas Norte,Ing. En Mecatrónica,2,Cuatrimestre 2,Dibujo para Ingeniería
UT Tamaulipas Norte,Ing. En Mecatrónica,2,Cuatrimestre 2,Física
UT Tamaulipas Norte,Ing. En Mecatrónica,2,Cuatrimestre 2,Habilidades Socioemocionales y Manejo de Conflictos
UT Tamaulipas Norte,Ing. En Mecatrónica,2,Cuatrimestre 2,Inglés II
UT Tamaulipas Norte,Ing. En Mecatrónica,2,Cuatrimestre 2,Probabilidad y Estadística
UT Tamaulipas Norte,Ing. En Mecatrónica,3,Cuatrimestre 3,Cálculo Integral
UT Tamaulipas Norte,Ing. En Mecatrónica,3,Cuatrimestre 3,Desarrollo del Pensamiento y Toma de Decisiones
UT Tamaulipas Norte,Ing. En Mecatrónica,3,Cuatrimestre 3,Electrónica Analógica y de Potencia
UT Tamaulipas Norte,Ing. En Mecatrónica,3,Cuatrimestre 3,Electrónica Digital
UT Tamaulipas Norte,Ing. En Mecatrónica,3,Cuatrimestre 3,Elementos Mecánicos
UT Tamaulipas Norte,Ing. En Mecatrónica,3,Cuatrimestre 3,Inglés III
UT Tamaulipas Norte,Ing. En Mecatrónica,3,Cuatrimestre 3,Proyecto Integrador I
UT Tamaulipas Norte,Ing. En Mecatrónica,4,Cuatrimestre 4,Control de Motores Eléctricos
UT Tamaulipas Norte,Ing. En Mecatrónica,4,Cuatrimestre 4,Cálculo de Varias Variables
UT Tamaulipas Norte,Ing. En Mecatrónica,4,Cuatrimestre 4,Estructuras y Propiedades de los Materiales
UT Tamaulipas Norte,Ing. En Mecatrónica,4,Cuatrimestre 4,Inglés IV
UT Tamaulipas Norte,Ing. En Mecatrónica,4,Cuatrimestre 4,Instrumentación Industrial
UT Tamaulipas Norte,Ing. En Mecatrónica,4,Cuatrimestre 4,Sistemas Neumáticos e Hidráulicos
UT Tamaulipas Norte,Ing. En Mecatrónica,4,Cuatrimestre 4,Ética Profesional
UT Tamaulipas Norte,Ing. En Mecatrónica,5,Cuatrimestre 5,Controladores Lógicos Programables
UT Tamaulipas Norte,Ing. En Mecatrónica,5,Cuatrimestre 5,Ecuaciones Diferenciales
UT Tamaulipas Norte,Ing. En Mecatrónica,5,Cuatrimestre 5,Implementación de Sistemas Automáticos
UT Tamaulipas Norte,Ing. En Mecatrónica,5,Cuatrimestre 5,Inglés V
UT Tamaulipas Norte,Ing. En Mecatrónica,5,Cuatrimestre 5,Liderazgo de Equipos de Alto Desempeño
UT Tamaulipas Norte,Ing. En Mecatrónica,5,Cuatrimestre 5,Procesos de Manufactura
UT Tamaulipas Norte,Ing. En Mecatrónica,5,Cuatrimestre 5,Proyecto Integrador II
UT Tamaulipas Norte,Ing. En Mecatrónica,6,VI (Estadía TSU),ESTADÍA TSU EN AUTOMATIZACIÓN
UT Tamaulipas Norte,Ing. En Mecatrónica,7,Cuatrimestre 7,Análisis de Mecanismos
UT Tamaulipas Norte,Ing. En Mecatrónica,7,Cuatrimestre 7,Cinemática y Dinámica de Robots
UT Tamaulipas Norte,Ing. En Mecatrónica,7,Cuatrimestre 7,Habilidades Gerenciales
UT Tamaulipas Norte,Ing. En Mecatrónica,7,Cuatrimestre 7,Inglés VI
UT Tamaulipas Norte,Ing. En Mecatrónica,7,Cuatrimestre 7,Instrumentación Virtual
UT Tamaulipas Norte,Ing. En Mecatrónica,8,Cuatrimestre 8,Administración de Mantenimiento
UT Tamaulipas Norte,Ing. En Mecatrónica,8,Cuatrimestre 8,Diseño Asistido por Computadora
UT Tamaulipas Norte,Ing. En Mecatrónica,8,Cuatrimestre 8,Diseño Mecánico
UT Tamaulipas Norte,Ing. En Mecatrónica,8,Cuatrimestre 8,Inglés VII
UT Tamaulipas Norte,Ing. En Mecatrónica,8,Cuatrimestre 8,Modelado y Simulación de Sistemas
UT Tamaulipas Norte,Ing. En Mecatrónica,8,Cuatrimestre 8,Sistemas Embebidos
UT Tamaulipas Norte,Ing. En Mecatrónica,9,Cuatrimestre 9,Diseño de Sistemas Mecatrónicos
UT Tamaulipas Norte,Ing. En Mecatrónica,9,Cuatrimestre 9,Ingeniería de Control
UT Tamaulipas Norte,Ing. En Mecatrónica,9,Cuatrimestre 9,Inglés VIII
UT Tamaulipas Norte,Ing. En Mecatrónica,9,Cuatrimestre 9,Programación de Robots Industriales
UT Tamaulipas Norte,Ing. En Mecatrónica,9,Cuatrimestre 9,Sistemas CAM CNC
UT Tamaulipas Norte,Ing. En Mecatrónica,10,X (Estadía Ingeniería),Control Avanzado
UT Tamaulipas Norte,Ing. En Mecatrónica,10,X (Estadía Ingeniería),Ingeniería Asistida por Computadora
UT Tamaulipas Norte,Ing. En Mecatrónica,10,X (Estadía Ingeniería),Proyecto Integrador III
UT Tamaulipas Norte,Ing. En Mecatrónica,10,X (Estadía Ingeniería),Sistemas Eléctricos Industriales
UT Tamaulipas Norte,Ing. En Mecatrónica,10,X (Estadía Ingeniería),Sistemas de Manufactura Flexible
UT Tamaulipas Norte,Ing. En Mecatrónica,11,Cuatrimestre 11,ESTADÍA INGENIERÍA EN MECATRÓNICA
UT Tamaulipas Norte,Ing. En Ti E Innovación Digital,1,Cuatrimestre 1,Comunicación y Habilidades Digitales
UT Tamaulipas Norte,Ing. En Ti E Innovación Digital,1,Cuatrimestre 1,Desarrollo Humano y Valores
UT Tamaulipas Norte,Ing. En Ti E Innovación Digital,1,Cuatrimestre 1,Fundamentos Matemáticos
UT Tamaulipas Norte,Ing. En Ti E Innovación Digital,1,Cuatrimestre 1,Fundamentos de Programación
UT Tamaulipas Norte,Ing. En Ti E Innovación Digital,1,Cuatrimestre 1,Fundamentos de Redes
UT Tamaulipas Norte,Ing. En Ti E Innovación Digital,1,Cuatrimestre 1,Física
UT Tamaulipas Norte,Ing. En Ti E Innovación Digital,1,Cuatrimestre 1,Inglés I
UT Tamaulipas Norte,Ing. En Ti E Innovación Digital,2,Cuatrimestre 2,Conmutación y Enrutamiento de Redes
UT Tamaulipas Norte,Ing. En Ti E Innovación Digital,2,Cuatrimestre 2,Cálculo Diferencial
UT Tamaulipas Norte,Ing. En Ti E Innovación Digital,2,Cuatrimestre 2,Habilidades Socioemocionales y Manejo de Conflictos
UT Tamaulipas Norte,Ing. En Ti E Innovación Digital,2,Cuatrimestre 2,Inglés II
UT Tamaulipas Norte,Ing. En Ti E Innovación Digital,2,Cuatrimestre 2,Probabilidad y Estadística
UT Tamaulipas Norte,Ing. En Ti E Innovación Digital,2,Cuatrimestre 2,Programación Estructurada
UT Tamaulipas Norte,Ing. En Ti E Innovación Digital,2,Cuatrimestre 2,Sistemas Operativos
UT Tamaulipas Norte,Ing. En Ti E Innovación Digital,3,Cuatrimestre 3,Bases de Datos
UT Tamaulipas Norte,Ing. En Ti E Innovación Digital,3,Cuatrimestre 3,Cálculo Integral
UT Tamaulipas Norte,Ing. En Ti E Innovación Digital,3,Cuatrimestre 3,Desarrollo del Pensamiento y Toma de Decisiones
UT Tamaulipas Norte,Ing. En Ti E Innovación Digital,3,Cuatrimestre 3,Inglés III
UT Tamaulipas Norte,Ing. En Ti E Innovación Digital,3,Cuatrimestre 3,Programación Orientada a Objetos
UT Tamaulipas Norte,Ing. En Ti E Innovación Digital,3,Cuatrimestre 3,Proyecto Integrador I
UT Tamaulipas Norte,Ing. En Ti E Innovación Digital,3,Cuatrimestre 3,Tópicos de Calidad para el Diseño de Software
UT Tamaulipas Norte,Ing. En Ti E Innovación Digital,4,Cuatrimestre 4,Aprendizaje Computacional
UT Tamaulipas Norte,Ing. En Ti E Innovación Digital,4,Cuatrimestre 4,Cálculo de Varias Variables
UT Tamaulipas Norte,Ing. En Ti E Innovación Digital,4,Cuatrimestre 4,Inglés IV
UT Tamaulipas Norte,Ing. En Ti E Innovación Digital,4,Cuatrimestre 4,Procesamiento de Información
UT Tamaulipas Norte,Ing. En Ti E Innovación Digital,4,Cuatrimestre 4,Programación Lógica y Funcional
UT Tamaulipas Norte,Ing. En Ti E Innovación Digital,4,Cuatrimestre 4,Programación de Lenguajes Especializados
UT Tamaulipas Norte,Ing. En Ti E Innovación Digital,4,Cuatrimestre 4,Ética Profesional
UT Tamaulipas Norte,Ing. En Ti E Innovación Digital,5,Cuatrimestre 5,Cómputo de Alto Rendimiento
UT Tamaulipas Norte,Ing. En Ti E Innovación Digital,5,Cuatrimestre 5,Ecuaciones Diferenciales
UT Tamaulipas Norte,Ing. En Ti E Innovación Digital,5,Cuatrimestre 5,Inglés V
UT Tamaulipas Norte,Ing. En Ti E Innovación Digital,5,Cuatrimestre 5,Liderazgo de Equipos de Alto Desempeño
UT Tamaulipas Norte,Ing. En Ti E Innovación Digital,5,Cuatrimestre 5,Proyecto Integrador II
UT Tamaulipas Norte,Ing. En Ti E Innovación Digital,5,Cuatrimestre 5,Servicios en la Nube
UT Tamaulipas Norte,Ing. En Ti E Innovación Digital,5,Cuatrimestre 5,Visualización de Datos
UT Tamaulipas Norte,Ing. En Ti E Innovación Digital,6,VI (Estadía TSU),ESTADÍA TSU EN CIENCIA DE DATOS
UT Tamaulipas Norte,Ing. En Ti E Innovación Digital,7,Cuatrimestre 7,Administración de Servidores
UT Tamaulipas Norte,Ing. En Ti E Innovación Digital,7,Cuatrimestre 7,Formulación de Proyectos de Tecnología
UT Tamaulipas Norte,Ing. En Ti E Innovación Digital,7,Cuatrimestre 7,Fundamentos de Inteligencia Artificial
UT Tamaulipas Norte,Ing. En Ti E Innovación Digital,7,Cuatrimestre 7,Inglés VI
UT Tamaulipas Norte,Ing. En Ti E Innovación Digital,7,Cuatrimestre 7,Optativa I
UT Tamaulipas Norte,Ing. En Ti E Innovación Digital,8,Cuatrimestre 8,Electrónica Digital
UT Tamaulipas Norte,Ing. En Ti E Innovación Digital,8,Cuatrimestre 8,Gestión de Proyectos de Tecnología
UT Tamaulipas Norte,Ing. En Ti E Innovación Digital,8,Cuatrimestre 8,Habilidades Gerenciales
UT Tamaulipas Norte,Ing. En Ti E Innovación Digital,8,Cuatrimestre 8,Informática Forense
UT Tamaulipas Norte,Ing. En Ti E Innovación Digital,8,Cuatrimestre 8,Tecnologías Disruptivas
UT Tamaulipas Norte,Ing. En Ti E Innovación Digital,8,Cuatrimestre 8,Ética y Legislación de TI
UT Tamaulipas Norte,Ing. En Ti E Innovación Digital,9,Cuatrimestre 9,Evaluación de Proyectos de Tecnología
UT Tamaulipas Norte,Ing. En Ti E Innovación Digital,9,Cuatrimestre 9,Inglés VII
UT Tamaulipas Norte,Ing. En Ti E Innovación Digital,9,Cuatrimestre 9,Internet de las Cosas
UT Tamaulipas Norte,Ing. En Ti E Innovación Digital,9,Cuatrimestre 9,Optativa II
UT Tamaulipas Norte,Ing. En Ti E Innovación Digital,9,Cuatrimestre 9,Programación para Inteligencia Artificial
UT Tamaulipas Norte,Ing. En Ti E Innovación Digital,10,X (Estadía Ingeniería),Ciencia de Datos
UT Tamaulipas Norte,Ing. En Ti E Innovación Digital,10,X (Estadía Ingeniería),Inglés VIII
UT Tamaulipas Norte,Ing. En Ti E Innovación Digital,10,X (Estadía Ingeniería),Optativa III
UT Tamaulipas Norte,Ing. En Ti E Innovación Digital,10,X (Estadía Ingeniería),Proyecto Integrador III
UT Tamaulipas Norte,Ing. En Ti E Innovación Digital,10,X (Estadía Ingeniería),Seguridad Informática
UT Tamaulipas Norte,Ing. En Ti E Innovación Digital,11,Cuatrimestre 11,ESTADÍA INGENIERÍA EN TI E INNOVACIÓN DIGITAL
UT Tamaulipas Norte,Ing. Industrial,1,Cuatrimestre 1,Comunicación y Habilidades Digitales
UT Tamaulipas Norte,Ing. Industrial,1,Cuatrimestre 1,Desarrollo Humano y Valores
UT Tamaulipas Norte,Ing. Industrial,1,Cuatrimestre 1,Dibujo Industrial
UT Tamaulipas Norte,Ing. Industrial,1,Cuatrimestre 1,Fundamentos Matemáticos
UT Tamaulipas Norte,Ing. Industrial,1,Cuatrimestre 1,Inglés I
UT Tamaulipas Norte,Ing. Industrial,1,Cuatrimestre 1,Metrología
UT Tamaulipas Norte,Ing. Industrial,1,Cuatrimestre 1,Química Básica
UT Tamaulipas Norte,Ing. Industrial,2,Cuatrimestre 2,Costos de Producción
UT Tamaulipas Norte,Ing. Industrial,2,Cuatrimestre 2,Cálculo Diferencial
UT Tamaulipas Norte,Ing. Industrial,2,Cuatrimestre 2,Física
UT Tamaulipas Norte,Ing. Industrial,2,Cuatrimestre 2,Habilidades Socioemocionales y Manejo de Conflictos
UT Tamaulipas Norte,Ing. Industrial,2,Cuatrimestre 2,Inglés II
UT Tamaulipas Norte,Ing. Industrial,2,Cuatrimestre 2,Probabilidad y Estadística
UT Tamaulipas Norte,Ing. Industrial,2,Cuatrimestre 2,"Seguridad, Higiene y Medio Ambiente"
UT Tamaulipas Norte,Ing. Industrial,3,Cuatrimestre 3,Control de Calidad
UT Tamaulipas Norte,Ing. Industrial,3,Cuatrimestre 3,Cálculo Integral
UT Tamaulipas Norte,Ing. Industrial,3,Cuatrimestre 3,Desarrollo del Pensamiento y Toma de Decisiones
UT Tamaulipas Norte,Ing. Industrial,3,Cuatrimestre 3,Estudio del Trabajo
UT Tamaulipas Norte,Ing. Industrial,3,Cuatrimestre 3,Inglés III
UT Tamaulipas Norte,Ing. Industrial,3,Cuatrimestre 3,Procesos de Fabricación
UT Tamaulipas Norte,Ing. Industrial,3,Cuatrimestre 3,Proyecto Integrador I
UT Tamaulipas Norte,Ing. Industrial,4,Cuatrimestre 4,Administración y Control de la Calidad
UT Tamaulipas Norte,Ing. Industrial,4,Cuatrimestre 4,Cálculo de Varias Variables
UT Tamaulipas Norte,Ing. Industrial,4,Cuatrimestre 4,Ingeniería Económica
UT Tamaulipas Norte,Ing. Industrial,4,Cuatrimestre 4,Ingeniería de Planta y Estudio del Trabajo
UT Tamaulipas Norte,Ing. Industrial,4,Cuatrimestre 4,Inglés IV
UT Tamaulipas Norte,Ing. Industrial,4,Cuatrimestre 4,Tecnologías de Transformación de Materiales
UT Tamaulipas Norte,Ing. Industrial,4,Cuatrimestre 4,Ética Profesional
UT Tamaulipas Norte,Ing. Industrial,5,Cuatrimestre 5,Administración y Control de Operaciones
UT Tamaulipas Norte,Ing. Industrial,5,Cuatrimestre 5,Ecuaciones Diferenciales
UT Tamaulipas Norte,Ing. Industrial,5,Cuatrimestre 5,Gestión Ambiental en Procesos Industriales
UT Tamaulipas Norte,Ing. Industrial,5,Cuatrimestre 5,Inglés V
UT Tamaulipas Norte,Ing. Industrial,5,Cuatrimestre 5,Liderazgo de Equipos de Alto Desempeño
UT Tamaulipas Norte,Ing. Industrial,5,Cuatrimestre 5,Proyecto Integrador II
UT Tamaulipas Norte,Ing. Industrial,5,Cuatrimestre 5,Sistemas de Manufactura Aplicada
UT Tamaulipas Norte,Ing. Industrial,6,VI (Estadía TSU),ESTADÍA TSU EN PROCESOS PRODUCTIVOS
UT Tamaulipas Norte,Ing. Industrial,7,Cuatrimestre 7,Automatización y Control de Procesos
UT Tamaulipas Norte,Ing. Industrial,7,Cuatrimestre 7,Habilidades Gerenciales
UT Tamaulipas Norte,Ing. Industrial,7,Cuatrimestre 7,Ingeniería de Planta
UT Tamaulipas Norte,Ing. Industrial,7,Cuatrimestre 7,Inglés VI
UT Tamaulipas Norte,Ing. Industrial,7,Cuatrimestre 7,Investigación de Operaciones I
UT Tamaulipas Norte,Ing. Industrial,7,Cuatrimestre 7,Manufactura Esbelta
UT Tamaulipas Norte,Ing. Industrial,8,Cuatrimestre 8,Diseño del Producto
UT Tamaulipas Norte,Ing. Industrial,8,Cuatrimestre 8,Inglés VII
UT Tamaulipas Norte,Ing. Industrial,8,Cuatrimestre 8,Investigación de Operaciones II
UT Tamaulipas Norte,Ing. Industrial,8,Cuatrimestre 8,Simulación de Procesos
UT Tamaulipas Norte,Ing. Industrial,8,Cuatrimestre 8,Sistemas de Gestión de la Calidad
UT Tamaulipas Norte,Ing. Industrial,9,Cuatrimestre 9,6 Sigma
UT Tamaulipas Norte,Ing. Industrial,9,Cuatrimestre 9,Administración Industrial y de Servicios
UT Tamaulipas Norte,Ing. Industrial,9,Cuatrimestre 9,Evaluación y Administración de Proyectos
UT Tamaulipas Norte,Ing. Industrial,9,Cuatrimestre 9,Inglés VIII
UT Tamaulipas Norte,Ing. Industrial,9,Cuatrimestre 9,Manufactura Integrada por Computadora
UT Tamaulipas Norte,Ing. Industrial,10,X (Estadía Ingeniería),Administración del Mantenimiento
UT Tamaulipas Norte,Ing. Industrial,10,X (Estadía Ingeniería),Legislación Industrial
UT Tamaulipas Norte,Ing. Industrial,10,X (Estadía Ingeniería),Logística
UT Tamaulipas Norte,Ing. Industrial,10,X (Estadía Ingeniería),Proyecto Integrador III
UT Tamaulipas Norte,Ing. Industrial,10,X (Estadía Ingeniería),Tópicos de Nuevas Tecnologías
UT Tamaulipas Norte,Ing. Industrial,11,Cuatrimestre 11,ESTADÍA INGENIERÍA INDUSTRIAL
UT Tamaulipas Norte,Ing. Microelectrónica Y Semic.,1,Cuatrimestre 1,Comunicación y Habilidades Digitales
UT Tamaulipas Norte,Ing. Microelectrónica Y Semic.,1,Cuatrimestre 1,Desarrollo Humano y Valores
UT Tamaulipas Norte,Ing. Microelectrónica Y Semic.,1,Cuatrimestre 1,Fundamentos Matemáticos
UT Tamaulipas Norte,Ing. Microelectrónica Y Semic.,1,Cuatrimestre 1,Inglés I
UT Tamaulipas Norte,Ing. Microelectrónica Y Semic.,1,Cuatrimestre 1,Mediciones Eléctricas y Semiconductores
UT Tamaulipas Norte,Ing. Microelectrónica Y Semic.,1,Cuatrimestre 1,Metodología de la Programación
UT Tamaulipas Norte,Ing. Microelectrónica Y Semic.,1,Cuatrimestre 1,Química Básica
UT Tamaulipas Norte,Ing. Microelectrónica Y Semic.,2,Cuatrimestre 2,Calidad y Normativa Industrial
UT Tamaulipas Norte,Ing. Microelectrónica Y Semic.,2,Cuatrimestre 2,Cálculo Diferencial
UT Tamaulipas Norte,Ing. Microelectrónica Y Semic.,2,Cuatrimestre 2,Física
UT Tamaulipas Norte,Ing. Microelectrónica Y Semic.,2,Cuatrimestre 2,Física del Estado Sólido
UT Tamaulipas Norte,Ing. Microelectrónica Y Semic.,2,Cuatrimestre 2,Habilidades Socioemocionales y Manejo de Conflictos
UT Tamaulipas Norte,Ing. Microelectrónica Y Semic.,2,Cuatrimestre 2,Inglés II
UT Tamaulipas Norte,Ing. Microelectrónica Y Semic.,2,Cuatrimestre 2,Probabilidad y Estadística
UT Tamaulipas Norte,Ing. Microelectrónica Y Semic.,3,Cuatrimestre 3,Circuitos Eléctricos
UT Tamaulipas Norte,Ing. Microelectrónica Y Semic.,3,Cuatrimestre 3,Cálculo Integral
UT Tamaulipas Norte,Ing. Microelectrónica Y Semic.,3,Cuatrimestre 3,Desarrollo del Pensamiento y Toma de Decisiones
UT Tamaulipas Norte,Ing. Microelectrónica Y Semic.,3,Cuatrimestre 3,Diseño Experimental de Procesos
UT Tamaulipas Norte,Ing. Microelectrónica Y Semic.,3,Cuatrimestre 3,Dispositivos Semiconductores
UT Tamaulipas Norte,Ing. Microelectrónica Y Semic.,3,Cuatrimestre 3,Inglés III
UT Tamaulipas Norte,Ing. Microelectrónica Y Semic.,3,Cuatrimestre 3,Proyecto Integrador I
UT Tamaulipas Norte,Ing. Microelectrónica Y Semic.,4,Cuatrimestre 4,Cálculo de Varias Variables
UT Tamaulipas Norte,Ing. Microelectrónica Y Semic.,4,Cuatrimestre 4,Electrónica Analógica
UT Tamaulipas Norte,Ing. Microelectrónica Y Semic.,4,Cuatrimestre 4,Mantenimiento y Seguridad Industrial
UT Tamaulipas Norte,Ing. Microelectrónica Y Semic.,4,Cuatrimestre 4,Manufactura Microelectrónica
UT Tamaulipas Norte,Ing. Microelectrónica Y Semic.,4,Cuatrimestre 4,Sistemas Digitales
UT Tamaulipas Norte,Ing. Microelectrónica Y Semic.,4,Cuatrimestre 4,Ética Profesional
UT Tamaulipas Norte,Ing. Microelectrónica Y Semic.,5,Cuatrimestre 5,Diseño y Ensamble de PCB
UT Tamaulipas Norte,Ing. Microelectrónica Y Semic.,5,Cuatrimestre 5,Inglés V
UT Tamaulipas Norte,Ing. Microelectrónica Y Semic.,5,Cuatrimestre 5,Liderazgo de Equipos de Alto Desempeño
UT Tamaulipas Norte,Ing. Microelectrónica Y Semic.,5,Cuatrimestre 5,Logística
UT Tamaulipas Norte,Ing. Microelectrónica Y Semic.,5,Cuatrimestre 5,Procesos de Manufactura de Semiconductores
UT Tamaulipas Norte,Ing. Microelectrónica Y Semic.,5,Cuatrimestre 5,Proyecto Integrador II
UT Tamaulipas Norte,Ing. Microelectrónica Y Semic.,6,VI (Estadía TSU),ESTADÍA TSU EN MANUFACTURA DE SEMICONDUCTORES
UT Tamaulipas Norte,Ing. Microelectrónica Y Semic.,7,Cuatrimestre 7,Arquitectura de Microprocesadores
UT Tamaulipas Norte,Ing. Microelectrónica Y Semic.,7,Cuatrimestre 7,Caracterización de Dispositivos Semiconductores
UT Tamaulipas Norte,Ing. Microelectrónica Y Semic.,7,Cuatrimestre 7,Circuitos Amplificadores Integrados
UT Tamaulipas Norte,Ing. Microelectrónica Y Semic.,7,Cuatrimestre 7,Electromagnetismo y Señales
UT Tamaulipas Norte,Ing. Microelectrónica Y Semic.,7,Cuatrimestre 7,Habilidades Gerenciales
UT Tamaulipas Norte,Ing. Microelectrónica Y Semic.,7,Cuatrimestre 7,Inglés VI
UT Tamaulipas Norte,Ing. Microelectrónica Y Semic.,7,Cuatrimestre 7,Programación Avanzada
UT Tamaulipas Norte,Ing. Microelectrónica Y Semic.,8,Cuatrimestre 8,Amplificadores Diferenciales y Multietapa
UT Tamaulipas Norte,Ing. Microelectrónica Y Semic.,8,Cuatrimestre 8,Diseño de Sistemas Integrados Digitales
UT Tamaulipas Norte,Ing. Microelectrónica Y Semic.,8,Cuatrimestre 8,Electrónica de Potencia
UT Tamaulipas Norte,Ing. Microelectrónica Y Semic.,8,Cuatrimestre 8,Evaluación y Administración de Proyectos
UT Tamaulipas Norte,Ing. Microelectrónica Y Semic.,8,Cuatrimestre 8,Inglés VII
UT Tamaulipas Norte,Ing. Microelectrónica Y Semic.,8,Cuatrimestre 8,Optoelectrónica
UT Tamaulipas Norte,Ing. Microelectrónica Y Semic.,8,Cuatrimestre 8,Programación de Sistemas Embebidos
UT Tamaulipas Norte,Ing. Microelectrónica Y Semic.,9,Cuatrimestre 9,Administración de Mantenimiento
UT Tamaulipas Norte,Ing. Microelectrónica Y Semic.,9,Cuatrimestre 9,Diseño de Circuitos Integrados Analógicos
UT Tamaulipas Norte,Ing. Microelectrónica Y Semic.,9,Cuatrimestre 9,Enrutamiento de Circuitos Integrados
UT Tamaulipas Norte,Ing. Microelectrónica Y Semic.,9,Cuatrimestre 9,Inglés VIII
UT Tamaulipas Norte,Ing. Microelectrónica Y Semic.,9,Cuatrimestre 9,Proyecto III
UT Tamaulipas Norte,Ing. Microelectrónica Y Semic.,9,Cuatrimestre 9,Respuesta en Frecuencia
UT Tamaulipas Norte,Ing. Microelectrónica Y Semic.,9,Cuatrimestre 9,Verificación de Circuitos Integrados
UT Tamaulipas Norte,Ing. Microelectrónica Y Semic.,10,X (Estadía Ingeniería),ESTADÍA INGENIERÍA EN MICROELECTRÓNICA Y SEMICONDUCTORES
UT Tamaulipas Norte,Lic. En Administración,1,Cuatrimestre 1,Comunicación y Habilidades Digitales
UT Tamaulipas Norte,Lic. En Administración,1,Cuatrimestre 1,Contabilidad I
UT Tamaulipas Norte,Lic. En Administración,1,Cuatrimestre 1,Desarrollo Humano y Valores
UT Tamaulipas Norte,Lic. En Administración,1,Cuatrimestre 1,Fundamentos Matemáticos
UT Tamaulipas Norte,Lic. En Administración,1,Cuatrimestre 1,Fundamentos de Administración
UT Tamaulipas Norte,Lic. En Administración,1,Cuatrimestre 1,Inglés I
UT Tamaulipas Norte,Lic. En Administración,1,Cuatrimestre 1,Marco Legal de las Organizaciones
UT Tamaulipas Norte,Lic. En Administración,2,Cuatrimestre 2,Contabilidad II
UT Tamaulipas Norte,Lic. En Administración,2,Cuatrimestre 2,Derecho Corporativo
UT Tamaulipas Norte,Lic. En Administración,2,Cuatrimestre 2,Habilidades Socioemocionales y Manejo de Conflictos
UT Tamaulipas Norte,Lic. En Administración,2,Cuatrimestre 2,Inglés II
UT Tamaulipas Norte,Lic. En Administración,2,Cuatrimestre 2,Microeconomía
UT Tamaulipas Norte,Lic. En Administración,2,Cuatrimestre 2,Planeación Estratégica
UT Tamaulipas Norte,Lic. En Administración,2,Cuatrimestre 2,Probabilidad y Estadística
UT Tamaulipas Norte,Lic. En Administración,3,Cuatrimestre 3,Análisis Financiero
UT Tamaulipas Norte,Lic. En Administración,3,Cuatrimestre 3,Desarrollo del Pensamiento y Toma de Decisiones
UT Tamaulipas Norte,Lic. En Administración,3,Cuatrimestre 3,Fundamentos de Calidad
UT Tamaulipas Norte,Lic. En Administración,3,Cuatrimestre 3,Fundamentos de Mercadotecnia
UT Tamaulipas Norte,Lic. En Administración,3,Cuatrimestre 3,Inglés III
UT Tamaulipas Norte,Lic. En Administración,3,Cuatrimestre 3,Macroeconomía
UT Tamaulipas Norte,Lic. En Administración,3,Cuatrimestre 3,Proyecto Integrador I
UT Tamaulipas Norte,Lic. En Administración,4,Cuatrimestre 4,Administración de Proyectos I
UT Tamaulipas Norte,Lic. En Administración,4,Cuatrimestre 4,Estudio Técnico y Organizacional
UT Tamaulipas Norte,Lic. En Administración,4,Cuatrimestre 4,Estudio de Mercado
UT Tamaulipas Norte,Lic. En Administración,4,Cuatrimestre 4,Fundamentos de Sistemas de Producción
UT Tamaulipas Norte,Lic. En Administración,4,Cuatrimestre 4,Inglés IV
UT Tamaulipas Norte,Lic. En Administración,4,Cuatrimestre 4,Innovación y Emprendimiento
UT Tamaulipas Norte,Lic. En Administración,4,Cuatrimestre 4,Ética Profesional
UT Tamaulipas Norte,Lic. En Administración,5,Cuatrimestre 5,Administración de Proyectos II
UT Tamaulipas Norte,Lic. En Administración,5,Cuatrimestre 5,Diagnóstico Local y Regional
UT Tamaulipas Norte,Lic. En Administración,5,Cuatrimestre 5,Estudio Financiero
UT Tamaulipas Norte,Lic. En Administración,5,Cuatrimestre 5,Evaluación Financiera de Proyectos
UT Tamaulipas Norte,Lic. En Administración,5,Cuatrimestre 5,Inglés V
UT Tamaulipas Norte,Lic. En Administración,5,Cuatrimestre 5,Liderazgo de Equipos de Alto Desempeño
UT Tamaulipas Norte,Lic. En Administración,5,Cuatrimestre 5,Proyecto Integrador II
UT Tamaulipas Norte,Lic. En Administración,6,VI (Estadía TSU),ESTADÍA TSU EN EMPRENDIMIENTO
UT Tamaulipas Norte,Lic. En Administración,7,Cuatrimestre 7,Administración de la Producción
UT Tamaulipas Norte,Lic. En Administración,7,Cuatrimestre 7,Habilidades Gerenciales
UT Tamaulipas Norte,Lic. En Administración,7,Cuatrimestre 7,Inglés VI
UT Tamaulipas Norte,Lic. En Administración,7,Cuatrimestre 7,Mercadotecnia Estratégica
UT Tamaulipas Norte,Lic. En Administración,7,Cuatrimestre 7,Proyectos de Innovación Sostenibles
UT Tamaulipas Norte,Lic. En Administración,8,Cuatrimestre 8,Administración y Gestión de la Calidad
UT Tamaulipas Norte,Lic. En Administración,8,Cuatrimestre 8,Dirección Estratégica
UT Tamaulipas Norte,Lic. En Administración,8,Cuatrimestre 8,Gestión del Talento Humano
UT Tamaulipas Norte,Lic. En Administración,8,Cuatrimestre 8,Investigación de Operaciones
UT Tamaulipas Norte,Lic. En Administración,8,Cuatrimestre 8,Modelos de Negocios
UT Tamaulipas Norte,Lic. En Administración,9,Cuatrimestre 9,Desarrollo en Proyectos de Emprendimiento Social
UT Tamaulipas Norte,Lic. En Administración,9,Cuatrimestre 9,Evaluación del Desempeño del Capital Humano
UT Tamaulipas Norte,Lic. En Administración,9,Cuatrimestre 9,Gestión de la Propiedad Intelectual
UT Tamaulipas Norte,Lic. En Administración,9,Cuatrimestre 9,Inglés VII
UT Tamaulipas Norte,Lic. En Administración,9,Cuatrimestre 9,Sistemas de Información Aplicados en la Organización
UT Tamaulipas Norte,Lic. En Administración,9,Cuatrimestre 9,Tecnologías Aplicadas a los Negocios
UT Tamaulipas Norte,Lic. En Administración,10,X (Estadía Ingeniería),Comercio y Logística Internacional
UT Tamaulipas Norte,Lic. En Administración,10,X (Estadía Ingeniería),Consultoría Empresarial
UT Tamaulipas Norte,Lic. En Administración,10,X (Estadía Ingeniería),Finanzas Corporativas
UT Tamaulipas Norte,Lic. En Administración,10,X (Estadía Ingeniería),Inglés VIII
UT Tamaulipas Norte,Lic. En Administración,10,X (Estadía Ingeniería),Proyecto Integrador III
UT Tamaulipas Norte,Lic. En Administración,11,Cuatrimestre 11,ESTADÍA LICENCIATURA EN ADMINISTRACIÓN
UT del Mar de Tamaulipas Bicentenario,Ing. Acuícola,1,Cuatrimestre 1,Comunicación y Habilidades Digitales
UT del Mar de Tamaulipas Bicentenario,Ing. Acuícola,1,Cuatrimestre 1,Desarrollo Humano y Valores
UT del Mar de Tamaulipas Bicentenario,Ing. Acuícola,1,Cuatrimestre 1,Fundamentos Matemáticos
UT del Mar de Tamaulipas Bicentenario,Ing. Acuícola,1,Cuatrimestre 1,Fundamentos de Acuicultura
UT del Mar de Tamaulipas Bicentenario,Ing. Acuícola,1,Cuatrimestre 1,Fundamentos de Biología Acuática
UT del Mar de Tamaulipas Bicentenario,Ing. Acuícola,1,Cuatrimestre 1,Inglés I
UT del Mar de Tamaulipas Bicentenario,Ing. Acuícola,1,Cuatrimestre 1,Química General
UT del Mar de Tamaulipas Bicentenario,Ing. Acuícola,2,Cuatrimestre 2,Cultivos Auxiliares
UT del Mar de Tamaulipas Bicentenario,Ing. Acuícola,2,Cuatrimestre 2,Cálculo Diferencial
UT del Mar de Tamaulipas Bicentenario,Ing. Acuícola,2,Cuatrimestre 2,Física
UT del Mar de Tamaulipas Bicentenario,Ing. Acuícola,2,Cuatrimestre 2,Habilidades Socioemocionales y Manejo de Conflictos
UT del Mar de Tamaulipas Bicentenario,Ing. Acuícola,2,Cuatrimestre 2,Inglés II
UT del Mar de Tamaulipas Bicentenario,Ing. Acuícola,2,Cuatrimestre 2,Química Orgánica
UT del Mar de Tamaulipas Bicentenario,Ing. Acuícola,2,Cuatrimestre 2,Sistemas Acuícolas
UT del Mar de Tamaulipas Bicentenario,Ing. Acuícola,3,Cuatrimestre 3,Buenas Prácticas Acuícolas e Inocuidad
UT del Mar de Tamaulipas Bicentenario,Ing. Acuícola,3,Cuatrimestre 3,Cultivo de Peces
UT del Mar de Tamaulipas Bicentenario,Ing. Acuícola,3,Cuatrimestre 3,Cálculo Integral
UT del Mar de Tamaulipas Bicentenario,Ing. Acuícola,3,Cuatrimestre 3,Desarrollo del Pensamiento y Toma de Decisiones
UT del Mar de Tamaulipas Bicentenario,Ing. Acuícola,3,Cuatrimestre 3,Inglés III
UT del Mar de Tamaulipas Bicentenario,Ing. Acuícola,3,Cuatrimestre 3,Probabilidad y Estadística
UT del Mar de Tamaulipas Bicentenario,Ing. Acuícola,3,Cuatrimestre 3,Proyecto Integrador I
UT del Mar de Tamaulipas Bicentenario,Ing. Acuícola,4,Cuatrimestre 4,Calidad y Manejo del Agua
UT del Mar de Tamaulipas Bicentenario,Ing. Acuícola,4,Cuatrimestre 4,Cultivo de Moluscos
UT del Mar de Tamaulipas Bicentenario,Ing. Acuícola,4,Cuatrimestre 4,Cálculo de Varias Variables
UT del Mar de Tamaulipas Bicentenario,Ing. Acuícola,4,Cuatrimestre 4,Ecología de los Ambientes Acuáticos
UT del Mar de Tamaulipas Bicentenario,Ing. Acuícola,4,Cuatrimestre 4,Inglés IV
UT del Mar de Tamaulipas Bicentenario,Ing. Acuícola,4,Cuatrimestre 4,Sanidad Acuícola I
UT del Mar de Tamaulipas Bicentenario,Ing. Acuícola,4,Cuatrimestre 4,Ética Profesional
UT del Mar de Tamaulipas Bicentenario,Ing. Acuícola,5,Cuatrimestre 5,Contabilidad y Evaluación Financiera
UT del Mar de Tamaulipas Bicentenario,Ing. Acuícola,5,Cuatrimestre 5,Cultivo de Crustáceos
UT del Mar de Tamaulipas Bicentenario,Ing. Acuícola,5,Cuatrimestre 5,Ecuaciones Diferenciales
UT del Mar de Tamaulipas Bicentenario,Ing. Acuícola,5,Cuatrimestre 5,Inglés V
UT del Mar de Tamaulipas Bicentenario,Ing. Acuícola,5,Cuatrimestre 5,Liderazgo de Equipos de Alto Desempeño
UT del Mar de Tamaulipas Bicentenario,Ing. Acuícola,5,Cuatrimestre 5,Proyecto Integrador II
UT del Mar de Tamaulipas Bicentenario,Ing. Acuícola,5,Cuatrimestre 5,SIG y Evaluación del Entorno
UT del Mar de Tamaulipas Bicentenario,Ing. Acuícola,6,VI (Estadía TSU),ESTADÍA TSU EN ACUICULTURA
UT del Mar de Tamaulipas Bicentenario,Ing. Acuícola,7,Cuatrimestre 7,Física Aplicada a la Acuicultura
UT del Mar de Tamaulipas Bicentenario,Ing. Acuícola,7,Cuatrimestre 7,Habilidades Gerenciales
UT del Mar de Tamaulipas Bicentenario,Ing. Acuícola,7,Cuatrimestre 7,Inglés VI
UT del Mar de Tamaulipas Bicentenario,Ing. Acuícola,7,Cuatrimestre 7,Morfofisiología de los Organismos Acuícolas
UT del Mar de Tamaulipas Bicentenario,Ing. Acuícola,7,Cuatrimestre 7,Química Aplicada al Manejo del Agua
UT del Mar de Tamaulipas Bicentenario,Ing. Acuícola,7,Cuatrimestre 7,Sistemas de Recirculación y Tratamiento de Agua
UT del Mar de Tamaulipas Bicentenario,Ing. Acuícola,7,Cuatrimestre 7,Tecnologías y Metodologías Acuícolas
UT del Mar de Tamaulipas Bicentenario,Ing. Acuícola,8,Cuatrimestre 8,Comercialización de la Producción Acuícola
UT del Mar de Tamaulipas Bicentenario,Ing. Acuícola,8,Cuatrimestre 8,Cultivos Alternativos
UT del Mar de Tamaulipas Bicentenario,Ing. Acuícola,8,Cuatrimestre 8,Dibujo Técnico de Infraestructura Acuícola con Software
UT del Mar de Tamaulipas Bicentenario,Ing. Acuícola,8,Cuatrimestre 8,Inglés VII
UT del Mar de Tamaulipas Bicentenario,Ing. Acuícola,8,Cuatrimestre 8,Manejo de la Producción Acuícola
UT del Mar de Tamaulipas Bicentenario,Ing. Acuícola,8,Cuatrimestre 8,Nutrición de los Organismos Acuícolas
UT del Mar de Tamaulipas Bicentenario,Ing. Acuícola,8,Cuatrimestre 8,Sanidad Acuícola II
UT del Mar de Tamaulipas Bicentenario,Ing. Acuícola,9,Cuatrimestre 9,Biología Molecular y Genética
UT del Mar de Tamaulipas Bicentenario,Ing. Acuícola,9,Cuatrimestre 9,Diseño Experimental y Métodos Estadísticos
UT del Mar de Tamaulipas Bicentenario,Ing. Acuícola,9,Cuatrimestre 9,Evaluación Socioeconómica
UT del Mar de Tamaulipas Bicentenario,Ing. Acuícola,9,Cuatrimestre 9,Extensionismo de la Acuicultura
UT del Mar de Tamaulipas Bicentenario,Ing. Acuícola,9,Cuatrimestre 9,Inglés VIII
UT del Mar de Tamaulipas Bicentenario,Ing. Acuícola,9,Cuatrimestre 9,Negociación Empresarial
UT del Mar de Tamaulipas Bicentenario,Ing. Acuícola,9,Cuatrimestre 9,Proyecto Integrador III
UT del Mar de Tamaulipas Bicentenario,Ing. Acuícola,10,X (Estadía Ingeniería),ESTADÍA INGENIERÍA ACUÍCOLA
UT del Mar de Tamaulipas Bicentenario,Ing. En Ti E Innovación Digital,1,Cuatrimestre 1,Comunicación y Habilidades Digitales
UT del Mar de Tamaulipas Bicentenario,Ing. En Ti E Innovación Digital,1,Cuatrimestre 1,Desarrollo Humano y Valores
UT del Mar de Tamaulipas Bicentenario,Ing. En Ti E Innovación Digital,1,Cuatrimestre 1,Fundamentos Matemáticos
UT del Mar de Tamaulipas Bicentenario,Ing. En Ti E Innovación Digital,1,Cuatrimestre 1,Fundamentos de Programación
UT del Mar de Tamaulipas Bicentenario,Ing. En Ti E Innovación Digital,1,Cuatrimestre 1,Fundamentos de Redes
UT del Mar de Tamaulipas Bicentenario,Ing. En Ti E Innovación Digital,1,Cuatrimestre 1,Física
UT del Mar de Tamaulipas Bicentenario,Ing. En Ti E Innovación Digital,1,Cuatrimestre 1,Inglés I
UT del Mar de Tamaulipas Bicentenario,Ing. En Ti E Innovación Digital,2,Cuatrimestre 2,Conmutación y Enrutamiento de Redes
UT del Mar de Tamaulipas Bicentenario,Ing. En Ti E Innovación Digital,2,Cuatrimestre 2,Cálculo Diferencial
UT del Mar de Tamaulipas Bicentenario,Ing. En Ti E Innovación Digital,2,Cuatrimestre 2,Habilidades Socioemocionales y Manejo de Conflictos
UT del Mar de Tamaulipas Bicentenario,Ing. En Ti E Innovación Digital,2,Cuatrimestre 2,Inglés II
UT del Mar de Tamaulipas Bicentenario,Ing. En Ti E Innovación Digital,2,Cuatrimestre 2,Probabilidad y Estadística
UT del Mar de Tamaulipas Bicentenario,Ing. En Ti E Innovación Digital,2,Cuatrimestre 2,Programación Estructurada
UT del Mar de Tamaulipas Bicentenario,Ing. En Ti E Innovación Digital,2,Cuatrimestre 2,Sistemas Operativos
UT del Mar de Tamaulipas Bicentenario,Ing. En Ti E Innovación Digital,3,Cuatrimestre 3,Bases de Datos
UT del Mar de Tamaulipas Bicentenario,Ing. En Ti E Innovación Digital,3,Cuatrimestre 3,Cálculo Integral
UT del Mar de Tamaulipas Bicentenario,Ing. En Ti E Innovación Digital,3,Cuatrimestre 3,Desarrollo del Pensamiento y Toma de Decisiones
UT del Mar de Tamaulipas Bicentenario,Ing. En Ti E Innovación Digital,3,Cuatrimestre 3,Inglés III
UT del Mar de Tamaulipas Bicentenario,Ing. En Ti E Innovación Digital,3,Cuatrimestre 3,Programación Orientada a Objetos
UT del Mar de Tamaulipas Bicentenario,Ing. En Ti E Innovación Digital,3,Cuatrimestre 3,Proyecto Integrador I
UT del Mar de Tamaulipas Bicentenario,Ing. En Ti E Innovación Digital,3,Cuatrimestre 3,Tópicos de Calidad para el Diseño de Software
UT del Mar de Tamaulipas Bicentenario,Ing. En Ti E Innovación Digital,4,Cuatrimestre 4,Análisis y Diseño de Software
UT del Mar de Tamaulipas Bicentenario,Ing. En Ti E Innovación Digital,4,Cuatrimestre 4,Aplicaciones Web
UT del Mar de Tamaulipas Bicentenario,Ing. En Ti E Innovación Digital,4,Cuatrimestre 4,Cálculo de Varias Variables
UT del Mar de Tamaulipas Bicentenario,Ing. En Ti E Innovación Digital,4,Cuatrimestre 4,Desarrollo de Aplicaciones Móviles
UT del Mar de Tamaulipas Bicentenario,Ing. En Ti E Innovación Digital,4,Cuatrimestre 4,Estructura de Datos
UT del Mar de Tamaulipas Bicentenario,Ing. En Ti E Innovación Digital,4,Cuatrimestre 4,Inglés IV
UT del Mar de Tamaulipas Bicentenario,Ing. En Ti E Innovación Digital,4,Cuatrimestre 4,Ética Profesional
UT del Mar de Tamaulipas Bicentenario,Ing. En Ti E Innovación Digital,5,Cuatrimestre 5,Aplicaciones Web Orientadas a Servicios
UT del Mar de Tamaulipas Bicentenario,Ing. En Ti E Innovación Digital,5,Cuatrimestre 5,Bases de Datos Avanzadas
UT del Mar de Tamaulipas Bicentenario,Ing. En Ti E Innovación Digital,5,Cuatrimestre 5,Ecuaciones Diferenciales
UT del Mar de Tamaulipas Bicentenario,Ing. En Ti E Innovación Digital,5,Cuatrimestre 5,Estándares y Métricas para el Desarrollo de Software
UT del Mar de Tamaulipas Bicentenario,Ing. En Ti E Innovación Digital,5,Cuatrimestre 5,Inglés V
UT del Mar de Tamaulipas Bicentenario,Ing. En Ti E Innovación Digital,5,Cuatrimestre 5,Liderazgo de Equipos de Alto Desempeño
UT del Mar de Tamaulipas Bicentenario,Ing. En Ti E Innovación Digital,5,Cuatrimestre 5,Proyecto Integrador II
UT del Mar de Tamaulipas Bicentenario,Ing. En Ti E Innovación Digital,6,VI (Estadía TSU),ESTADÍA TSU EN TI E INNOVACIÓN DIGITAL
UT del Mar de Tamaulipas Bicentenario,Ing. En Ti E Innovación Digital,7,Cuatrimestre 7,Formulación de Proyectos de Tecnología
UT del Mar de Tamaulipas Bicentenario,Ing. En Ti E Innovación Digital,7,Cuatrimestre 7,Fundamentos de Inteligencia Artificial
UT del Mar de Tamaulipas Bicentenario,Ing. En Ti E Innovación Digital,7,Cuatrimestre 7,Habilidades Gerenciales
UT del Mar de Tamaulipas Bicentenario,Ing. En Ti E Innovación Digital,7,Cuatrimestre 7,Inglés VI
UT del Mar de Tamaulipas Bicentenario,Ing. En Ti E Innovación Digital,7,Cuatrimestre 7,Optativa I: Bases de Datos en la Nube
UT del Mar de Tamaulipas Bicentenario,Ing. En Ti E Innovación Digital,7,Cuatrimestre 7,Seguridad Informática
UT del Mar de Tamaulipas Bicentenario,Ing. En Ti E Innovación Digital,7,Cuatrimestre 7,Ética y Legislación en TI
UT del Mar de Tamaulipas Bicentenario,Ing. En Ti E Innovación Digital,8,Cuatrimestre 8,Administración de Servidores
UT del Mar de Tamaulipas Bicentenario,Ing. En Ti E Innovación Digital,8,Cuatrimestre 8,Electrónica Digital
UT del Mar de Tamaulipas Bicentenario,Ing. En Ti E Innovación Digital,8,Cuatrimestre 8,Gestión de Proyectos de Tecnología
UT del Mar de Tamaulipas Bicentenario,Ing. En Ti E Innovación Digital,8,Cuatrimestre 8,Informática Forense
UT del Mar de Tamaulipas Bicentenario,Ing. En Ti E Innovación Digital,8,Cuatrimestre 8,Inglés VII
UT del Mar de Tamaulipas Bicentenario,Ing. En Ti E Innovación Digital,8,Cuatrimestre 8,Optativa II: Programación Móvil Avanzada
UT del Mar de Tamaulipas Bicentenario,Ing. En Ti E Innovación Digital,8,Cuatrimestre 8,Programación para Inteligencia Artificial
UT del Mar de Tamaulipas Bicentenario,Ing. En Ti E Innovación Digital,9,Cuatrimestre 9,Ciencia de Datos
UT del Mar de Tamaulipas Bicentenario,Ing. En Ti E Innovación Digital,9,Cuatrimestre 9,Evaluación de Proyectos de Tecnología
UT del Mar de Tamaulipas Bicentenario,Ing. En Ti E Innovación Digital,9,Cuatrimestre 9,Inglés VIII
UT del Mar de Tamaulipas Bicentenario,Ing. En Ti E Innovación Digital,9,Cuatrimestre 9,Internet de las Cosas
UT del Mar de Tamaulipas Bicentenario,Ing. En Ti E Innovación Digital,9,Cuatrimestre 9,Optativa III: De Software
UT del Mar de Tamaulipas Bicentenario,Ing. En Ti E Innovación Digital,9,Cuatrimestre 9,Proyecto Integrador III
UT del Mar de Tamaulipas Bicentenario,Ing. En Ti E Innovación Digital,9,Cuatrimestre 9,Tecnologías Disruptivas
UT del Mar de Tamaulipas Bicentenario,Ing. En Ti E Innovación Digital,10,X (Estadía Ingeniería),ESTADÍA INGENIERÍA EN TI E INNOVACIÓN DIGITAL
UT del Mar de Tamaulipas Bicentenario,Lic. En Gestión Y Desarrollo Turístico,1,Cuatrimestre 1,Comunicación y Habilidades Digitales
UT del Mar de Tamaulipas Bicentenario,Lic. En Gestión Y Desarrollo Turístico,1,Cuatrimestre 1,Desarrollo Humano y Valores
UT del Mar de Tamaulipas Bicentenario,Lic. En Gestión Y Desarrollo Turístico,1,Cuatrimestre 1,Fundamentos de Economía
UT del Mar de Tamaulipas Bicentenario,Lic. En Gestión Y Desarrollo Turístico,1,Cuatrimestre 1,Geografía y Patrimonio
UT del Mar de Tamaulipas Bicentenario,Lic. En Gestión Y Desarrollo Turístico,1,Cuatrimestre 1,Inglés I
UT del Mar de Tamaulipas Bicentenario,Lic. En Gestión Y Desarrollo Turístico,1,Cuatrimestre 1,Introducción al Turismo
UT del Mar de Tamaulipas Bicentenario,Lic. En Gestión Y Desarrollo Turístico,1,Cuatrimestre 1,Matemáticas Aplicadas en el Turismo
UT del Mar de Tamaulipas Bicentenario,Lic. En Gestión Y Desarrollo Turístico,2,Cuatrimestre 2,Administración
UT del Mar de Tamaulipas Bicentenario,Lic. En Gestión Y Desarrollo Turístico,2,Cuatrimestre 2,Habilidades Socioemocionales y Manejo de Conflictos
UT del Mar de Tamaulipas Bicentenario,Lic. En Gestión Y Desarrollo Turístico,2,Cuatrimestre 2,Inglés II
UT del Mar de Tamaulipas Bicentenario,Lic. En Gestión Y Desarrollo Turístico,2,Cuatrimestre 2,Probabilidad y Estadística
UT del Mar de Tamaulipas Bicentenario,Lic. En Gestión Y Desarrollo Turístico,2,Cuatrimestre 2,Servicios de Alimentos y Bebidas
UT del Mar de Tamaulipas Bicentenario,Lic. En Gestión Y Desarrollo Turístico,2,Cuatrimestre 2,Servicios de Viaje y Transportación
UT del Mar de Tamaulipas Bicentenario,Lic. En Gestión Y Desarrollo Turístico,2,Cuatrimestre 2,Sustentabilidad en el Turismo
UT del Mar de Tamaulipas Bicentenario,Lic. En Gestión Y Desarrollo Turístico,3,Cuatrimestre 3,Capital Humano
UT del Mar de Tamaulipas Bicentenario,Lic. En Gestión Y Desarrollo Turístico,3,Cuatrimestre 3,Contabilidad Aplicada al Turismo
UT del Mar de Tamaulipas Bicentenario,Lic. En Gestión Y Desarrollo Turístico,3,Cuatrimestre 3,Desarrollo del Pensamiento y Toma de Decisiones
UT del Mar de Tamaulipas Bicentenario,Lic. En Gestión Y Desarrollo Turístico,3,Cuatrimestre 3,Gestión de la Calidad
UT del Mar de Tamaulipas Bicentenario,Lic. En Gestión Y Desarrollo Turístico,3,Cuatrimestre 3,Hospitalidad y Alojamiento
UT del Mar de Tamaulipas Bicentenario,Lic. En Gestión Y Desarrollo Turístico,3,Cuatrimestre 3,Inglés III
UT del Mar de Tamaulipas Bicentenario,Lic. En Gestión Y Desarrollo Turístico,3,Cuatrimestre 3,Proyecto Integrador I
UT del Mar de Tamaulipas Bicentenario,Lic. En Gestión Y Desarrollo Turístico,4,Cuatrimestre 4,Diagnóstico Turístico
UT del Mar de Tamaulipas Bicentenario,Lic. En Gestión Y Desarrollo Turístico,4,Cuatrimestre 4,Inglés IV
UT del Mar de Tamaulipas Bicentenario,Lic. En Gestión Y Desarrollo Turístico,4,Cuatrimestre 4,Mercadotecnia y Comercialización
UT del Mar de Tamaulipas Bicentenario,Lic. En Gestión Y Desarrollo Turístico,4,Cuatrimestre 4,Operación de Servicios de Alimentos y Bebidas
UT del Mar de Tamaulipas Bicentenario,Lic. En Gestión Y Desarrollo Turístico,4,Cuatrimestre 4,Operación de Servicios de Hospedaje
UT del Mar de Tamaulipas Bicentenario,Lic. En Gestión Y Desarrollo Turístico,4,Cuatrimestre 4,Turismo Cultural y de Naturaleza
UT del Mar de Tamaulipas Bicentenario,Lic. En Gestión Y Desarrollo Turístico,4,Cuatrimestre 4,Ética Profesional
UT del Mar de Tamaulipas Bicentenario,Lic. En Gestión Y Desarrollo Turístico,5,Cuatrimestre 5,Animación Turística y Sociocultural
UT del Mar de Tamaulipas Bicentenario,Lic. En Gestión Y Desarrollo Turístico,5,Cuatrimestre 5,Capacitación de Capital Humano
UT del Mar de Tamaulipas Bicentenario,Lic. En Gestión Y Desarrollo Turístico,5,Cuatrimestre 5,Diseño de Experiencias Turísticas
UT del Mar de Tamaulipas Bicentenario,Lic. En Gestión Y Desarrollo Turístico,5,Cuatrimestre 5,Inglés V
UT del Mar de Tamaulipas Bicentenario,Lic. En Gestión Y Desarrollo Turístico,5,Cuatrimestre 5,Liderazgo de Equipos de Alto Desempeño
UT del Mar de Tamaulipas Bicentenario,Lic. En Gestión Y Desarrollo Turístico,5,Cuatrimestre 5,Plan de Negocios
UT del Mar de Tamaulipas Bicentenario,Lic. En Gestión Y Desarrollo Turístico,5,Cuatrimestre 5,Proyecto Integrador II
UT del Mar de Tamaulipas Bicentenario,Lic. En Gestión Y Desarrollo Turístico,6,VI (Estadía TSU),ESTADÍA TSU EN TURISMO
UT del Mar de Tamaulipas Bicentenario,Lic. En Gestión Y Desarrollo Turístico,7,Cuatrimestre 7,Análisis e Interpretación de Información para el Sector Turístico
UT del Mar de Tamaulipas Bicentenario,Lic. En Gestión Y Desarrollo Turístico,7,Cuatrimestre 7,Desarrollo Regional
UT del Mar de Tamaulipas Bicentenario,Lic. En Gestión Y Desarrollo Turístico,7,Cuatrimestre 7,Economía para el Turismo
UT del Mar de Tamaulipas Bicentenario,Lic. En Gestión Y Desarrollo Turístico,7,Cuatrimestre 7,Gestión y Planificación Turística
UT del Mar de Tamaulipas Bicentenario,Lic. En Gestión Y Desarrollo Turístico,7,Cuatrimestre 7,Habilidades Gerenciales
UT del Mar de Tamaulipas Bicentenario,Lic. En Gestión Y Desarrollo Turístico,7,Cuatrimestre 7,Inglés VI
UT del Mar de Tamaulipas Bicentenario,Lic. En Gestión Y Desarrollo Turístico,7,Cuatrimestre 7,Instrumentos para el Desarrollo Sustentable
UT del Mar de Tamaulipas Bicentenario,Lic. En Gestión Y Desarrollo Turístico,8,Cuatrimestre 8,Calidad y Responsabilidad Social
UT del Mar de Tamaulipas Bicentenario,Lic. En Gestión Y Desarrollo Turístico,8,Cuatrimestre 8,Consultoría Turística I
UT del Mar de Tamaulipas Bicentenario,Lic. En Gestión Y Desarrollo Turístico,8,Cuatrimestre 8,Desarrollo de Proyectos Emprendedores para el Turismo I
UT del Mar de Tamaulipas Bicentenario,Lic. En Gestión Y Desarrollo Turístico,8,Cuatrimestre 8,Finanzas para el Turismo
UT del Mar de Tamaulipas Bicentenario,Lic. En Gestión Y Desarrollo Turístico,8,Cuatrimestre 8,Inglés VII
UT del Mar de Tamaulipas Bicentenario,Lic. En Gestión Y Desarrollo Turístico,8,Cuatrimestre 8,Mercadotecnia Digital
UT del Mar de Tamaulipas Bicentenario,Lic. En Gestión Y Desarrollo Turístico,8,Cuatrimestre 8,Tendencias del Turismo
UT del Mar de Tamaulipas Bicentenario,Lic. En Gestión Y Desarrollo Turístico,9,Cuatrimestre 9,Consultoría Turística II
UT del Mar de Tamaulipas Bicentenario,Lic. En Gestión Y Desarrollo Turístico,9,Cuatrimestre 9,Desarrollo de Proyectos Emprendedores para el Turismo II
UT del Mar de Tamaulipas Bicentenario,Lic. En Gestión Y Desarrollo Turístico,9,Cuatrimestre 9,Destinos Turísticos Inteligentes
UT del Mar de Tamaulipas Bicentenario,Lic. En Gestión Y Desarrollo Turístico,9,Cuatrimestre 9,Dirección y Logística de Eventos
UT del Mar de Tamaulipas Bicentenario,Lic. En Gestión Y Desarrollo Turístico,9,Cuatrimestre 9,Inglés VIII
UT del Mar de Tamaulipas Bicentenario,Lic. En Gestión Y Desarrollo Turístico,9,Cuatrimestre 9,Proyecto Integrador III
UT del Mar de Tamaulipas Bicentenario,Lic. En Gestión Y Desarrollo Turístico,9,Cuatrimestre 9,Seminario de Investigación Aplicada al Turismo
UT del Mar de Tamaulipas Bicentenario,Lic. En Gestión Y Desarrollo Turístico,10,X (Estadía Ingeniería),ESTADÍA LICENCIATURA EN GESTIÓN Y DESARROLLO TURÍSTICO
